"","subject","language","abbreviation","framesetter","topic","verb"
"1","1_D","D","10b","1","2","3"
"2","1_D","D","3u","2","1","3"
"3","1_D","D","6b","2","1","3"
"4","1_D","D","4u","1","2","3"
"5","1_D","D","2u","2","1","3"
"6","1_D","D","9b","3","1","2"
"7","1_D","D","7b","3","1","2"
"8","1_D","D","6u","3","1","2"
"10","1_D","D","1b","3","1","2"
"11","1_D","D","10u","2","1","3"
"12","1_D","D","5b","3","1","2"
"13","1_D","D","9u","3","1","2"
"14","1_D","D","7u","2","1","3"
"15","1_D","D","4b","3","1","2"
"16","1_D","D","8u","3","1","2"
"17","1_D","D","2b","3","1","2"
"18","1_D","D","5u","3","1","2"
"19","1_D","D","8b","1","1","2"
"20","1_D","D","1u","3","1","2"
"21","2_D","D","10b","2","1","3"
"22","2_D","D","3u","2","1","3"
"23","2_D","D","6b","3","1","2"
"24","2_D","D","4u","3","1","2"
"25","2_D","D","2u","2","1","3"
"26","2_D","D","9b","3","1","2"
"27","2_D","D","7b","2","1","3"
"28","2_D","D","6u","3","1","2"
"29","2_D","D","3b","3","1","2"
"30","2_D","D","1b","3","1","2"
"31","2_D","D","10u","2","1","3"
"32","2_D","D","5b","3","1","2"
"33","2_D","D","9u","3","1","2"
"34","2_D","D","7u","3","1","2"
"35","2_D","D","4b","3","1","2"
"36","2_D","D","8u","3","1","2"
"37","2_D","D","2b","3","1","2"
"38","2_D","D","5u","3","1","2"
"39","2_D","D","8b","3","1","2"
"40","2_D","D","1u","3","1","2"
"41","3_D","D","10b","3","2","1"
"42","3_D","D","3u","3","1","2"
"43","3_D","D","6b","3","1","2"
"44","3_D","D","4u","3","1","2"
"45","3_D","D","2u","3","1","2"
"46","3_D","D","9b","3","1","2"
"47","3_D","D","7b","3","1","2"
"48","3_D","D","6u","3","1","2"
"49","3_D","D","3b","3","1","2"
"50","3_D","D","1b","3","1","2"
"51","3_D","D","10u","3","1","2"
"52","3_D","D","5b","3","1","2"
"54","3_D","D","7u","3","1","2"
"55","3_D","D","4b","3","1","2"
"56","3_D","D","8u","3","1","2"
"57","3_D","D","2b","3","1","2"
"58","3_D","D","5u","3","1","2"
"59","3_D","D","8b","3","1","2"
"60","3_D","D","1u","3","1","2"
"61","4_D","D","10b","1","2","3"
"62","4_D","D","3u","1","2","3"
"63","4_D","D","6b","1","2","3"
"64","4_D","D","4u","1","2","3"
"65","4_D","D","2u","1","2","3"
"66","4_D","D","9b","1","2","3"
"67","4_D","D","7b","1","2","3"
"68","4_D","D","6u","1","2","3"
"69","4_D","D","3b","1","2","3"
"70","4_D","D","1b","1","2","3"
"71","4_D","D","10u","1","2","3"
"72","4_D","D","5b","1","2","3"
"73","4_D","D","9u","1","2","3"
"74","4_D","D","7u","1","2","3"
"75","4_D","D","4b","1","2","3"
"76","4_D","D","8u","1","2","3"
"77","4_D","D","2b","1","2","3"
"78","4_D","D","5u","1","2","3"
"79","4_D","D","8b","1","2","3"
"80","4_D","D","1u","1","2","3"
"81","5_D","D","10b","3","1","2"
"82","5_D","D","3u","3","1","2"
"83","5_D","D","6b","3","1","2"
"84","5_D","D","4u","2","3","1"
"85","5_D","D","2u","3","2","1"
"86","5_D","D","9b","1","2","3"
"87","5_D","D","7b","3","1","2"
"88","5_D","D","6u","1","3","2"
"91","5_D","D","10u","3","1","2"
"92","5_D","D","5b","1","3","2"
"93","5_D","D","9u","1","3","2"
"95","5_D","D","4b","3","2","1"
"96","5_D","D","8u","3","2","1"
"97","5_D","D","2b","3","2","1"
"99","5_D","D","8b","2","3","1"
"100","5_D","D","1u","1","2","3"
"101","6_D","D","10b","1","2","3"
"102","6_D","D","3u","1","2","3"
"103","6_D","D","6b","1","3","2"
"104","6_D","D","4u","1","3","2"
"105","6_D","D","2u","1","2","3"
"106","6_D","D","9b","1","2","3"
"107","6_D","D","7b","1","2","3"
"108","6_D","D","6u","2","1","3"
"109","6_D","D","3b","1","2","3"
"110","6_D","D","1b","1","2","3"
"111","6_D","D","10u","1","3","2"
"112","6_D","D","5b","1","2","3"
"113","6_D","D","9u","1","3","2"
"114","6_D","D","7u","1","3","2"
"116","6_D","D","8u","1","3","2"
"117","6_D","D","2b","1","2","3"
"118","6_D","D","5u","1","3","2"
"119","6_D","D","8b","1","3","2"
"120","6_D","D","1u","1","3","2"
"121","7_D","D","10b","1","2","3"
"122","7_D","D","3u","1","2","3"
"123","7_D","D","6b","1","2","3"
"124","7_D","D","4u","1","2","3"
"125","7_D","D","2u","1","2","3"
"126","7_D","D","9b","1","2","3"
"127","7_D","D","7b","1","2","3"
"128","7_D","D","6u","1","2","3"
"129","7_D","D","3b","1","2","3"
"130","7_D","D","1b","1","2","3"
"131","7_D","D","10u","1","2","3"
"132","7_D","D","5b","1","2","3"
"133","7_D","D","9u","1","2","3"
"134","7_D","D","7u","1","2","3"
"135","7_D","D","4b","1","2","3"
"136","7_D","D","8u","1","2","3"
"137","7_D","D","2b","1","2","3"
"138","7_D","D","5u","1","2","3"
"139","7_D","D","8b","1","2","3"
"140","7_D","D","1u","1","2","3"
"141","8_D","D","10b","3","1","2"
"142","8_D","D","3u","3","1","2"
"143","8_D","D","6b","3","1","2"
"144","8_D","D","4u","2","3","1"
"145","8_D","D","2u","3","2","1"
"146","8_D","D","9b","1","2","3"
"147","8_D","D","7b","3","1","2"
"148","8_D","D","6u","1","3","2"
"151","8_D","D","10u","3","1","2"
"152","8_D","D","5b","1","3","2"
"153","8_D","D","9u","1","3","2"
"155","8_D","D","4b","3","2","1"
"156","8_D","D","8u","3","2","1"
"157","8_D","D","2b","3","2","1"
"159","8_D","D","8b","2","3","1"
"160","8_D","D","1u","1","2","3"
"161","9_D","D","10b","1","2","3"
"162","9_D","D","3u","1","2","3"
"163","9_D","D","6b","1","3","2"
"164","9_D","D","4u","1","3","2"
"165","9_D","D","2u","1","2","3"
"166","9_D","D","9b","1","2","3"
"167","9_D","D","7b","1","2","3"
"168","9_D","D","6u","2","1","3"
"169","9_D","D","3b","1","2","3"
"170","9_D","D","1b","1","2","3"
"171","9_D","D","10u","1","3","2"
"172","9_D","D","5b","1","2","3"
"173","9_D","D","9u","1","3","2"
"174","9_D","D","7u","1","3","2"
"176","9_D","D","8u","1","3","2"
"177","9_D","D","2b","1","2","3"
"178","9_D","D","5u","1","3","2"
"179","9_D","D","8b","1","3","2"
"180","9_D","D","1u","1","3","2"
"181","10_D","D","10b","1","2","3"
"182","10_D","D","3u","1","2","3"
"183","10_D","D","6b","1","3","2"
"184","10_D","D","4u","1","2","3"
"185","10_D","D","2u","1","2","3"
"186","10_D","D","9b","1","2","3"
"187","10_D","D","7b","1","2","3"
"188","10_D","D","6u","1","2","3"
"189","10_D","D","3b","1","2","3"
"190","10_D","D","1b","1","2","3"
"191","10_D","D","10u","1","2","3"
"192","10_D","D","5b","2","1","3"
"193","10_D","D","9u","1","2","3"
"194","10_D","D","7u","1","2","3"
"195","10_D","D","4b","1","2","3"
"196","10_D","D","8u","1","2","3"
"197","10_D","D","2b","1","2","3"
"198","10_D","D","5u","2","1","3"
"199","10_D","D","8b","1","2","3"
"200","10_D","D","1u","1","2","3"
"201","11_D","D","10b","3","1","2"
"202","11_D","D","3u","3","1","2"
"203","11_D","D","6b","3","1","2"
"204","11_D","D","4u","3","1","2"
"205","11_D","D","2u","3","1","2"
"206","11_D","D","9b","3","1","2"
"207","11_D","D","7b","3","1","2"
"208","11_D","D","6u","3","1","2"
"209","11_D","D","3b","3","1","2"
"210","11_D","D","1b","3","1","2"
"211","11_D","D","10u","3","1","2"
"212","11_D","D","5b","3","1","2"
"214","11_D","D","7u","2","3","1"
"215","11_D","D","4b","3","1","2"
"216","11_D","D","8u","1","3","2"
"217","11_D","D","2b","3","1","2"
"218","11_D","D","5u","3","1","2"
"219","11_D","D","8b","3","1","2"
"220","11_D","D","1u","3","1","2"
"221","12_D","D","10b","1","2","3"
"222","12_D","D","3u","1","2","3"
"223","12_D","D","6b","3","1","2"
"224","12_D","D","4u","1","2","3"
"225","12_D","D","2u","1","2","3"
"226","12_D","D","9b","3","1","2"
"227","12_D","D","7b","1","2","3"
"228","12_D","D","6u","1","3","2"
"229","12_D","D","3b","1","2","3"
"230","12_D","D","1b","1","2","3"
"231","12_D","D","10u","3","1","2"
"232","12_D","D","5b","1","2","3"
"233","12_D","D","9u","3","1","2"
"234","12_D","D","7u","3","1","2"
"235","12_D","D","4b","3","1","2"
"236","12_D","D","8u","3","1","2"
"237","12_D","D","2b","3","1","2"
"238","12_D","D","5u","3","1","2"
"239","12_D","D","8b","3","1","2"
"240","12_D","D","1u","3","1","2"
"241","13_D","D","10b","3","1","2"
"242","13_D","D","3u","1","2","3"
"243","13_D","D","6b","3","2","1"
"244","13_D","D","4u","1","3","2"
"245","13_D","D","2u","3","1","2"
"246","13_D","D","9b","3","1","2"
"247","13_D","D","7b","3","1","2"
"248","13_D","D","6u","2","3","1"
"249","13_D","D","3b","2","1","3"
"250","13_D","D","1b","3","2","1"
"251","13_D","D","10u","3","1","2"
"252","13_D","D","5b","2","3","1"
"253","13_D","D","9u","3","2","1"
"254","13_D","D","7u","1","2","3"
"255","13_D","D","4b","3","1","2"
"256","13_D","D","8u","3","1","2"
"257","13_D","D","2b","3","1","2"
"258","13_D","D","5u","1","3","2"
"259","13_D","D","8b","3","1","2"
"260","13_D","D","1u","1","3","2"
"261","15_D","D","10b","2","1","3"
"262","15_D","D","3u","2","1","3"
"263","15_D","D","6b","1","2","3"
"264","15_D","D","4u","1","2","3"
"265","15_D","D","2u","1","2","3"
"266","15_D","D","9b","3","1","2"
"267","15_D","D","7b","1","2","3"
"268","15_D","D","6u","1","2","3"
"269","15_D","D","3b","1","2","3"
"270","15_D","D","1b","1","2","3"
"271","15_D","D","10u","1","2","3"
"272","15_D","D","5b","2","1","3"
"273","15_D","D","9u","3","1","2"
"274","15_D","D","7u","1","2","3"
"275","15_D","D","4b","1","2","3"
"276","15_D","D","8u","1","2","3"
"277","15_D","D","2b","1","2","3"
"278","15_D","D","5u","1","2","3"
"279","15_D","D","8b","3","1","2"
"281","16_D","D","10b","1","2","3"
"282","16_D","D","3u","1","2","3"
"283","16_D","D","6b","2","1","3"
"284","16_D","D","4u","2","1","3"
"285","16_D","D","2u","1","2","3"
"286","16_D","D","9b","1","2","3"
"287","16_D","D","7b","1","2","3"
"288","16_D","D","6u","1","2","3"
"289","16_D","D","3b","3","1","2"
"290","16_D","D","1b","1","2","3"
"291","16_D","D","10u","2","1","3"
"292","16_D","D","5b","3","1","2"
"293","16_D","D","9u","1","2","3"
"294","16_D","D","7u","1","2","3"
"295","16_D","D","4b","1","2","3"
"296","16_D","D","8u","1","2","3"
"297","16_D","D","2b","3","1","2"
"298","16_D","D","5u","3","1","2"
"299","16_D","D","8b","3","1","2"
"300","16_D","D","1u","1","2","3"
"301","17_D","D","10b","3","1","2"
"302","17_D","D","3u","2","1","3"
"303","17_D","D","6b","3","1","2"
"304","17_D","D","4u","3","1","2"
"305","17_D","D","2u","3","1","2"
"306","17_D","D","9b","3","1","2"
"307","17_D","D","7b","3","1","2"
"308","17_D","D","6u","3","1","2"
"309","17_D","D","3b","3","1","2"
"310","17_D","D","1b","2","1","3"
"311","17_D","D","10u","2","1","3"
"312","17_D","D","5b","3","1","2"
"313","17_D","D","9u","3","1","2"
"314","17_D","D","7u","3","1","2"
"315","17_D","D","4b","2","1","3"
"316","17_D","D","8u","3","1","2"
"318","17_D","D","5u","3","1","2"
"319","17_D","D","8b","3","1","2"
"320","17_D","D","1u","3","1","2"
"321","18_D","D","10b","2","1","3"
"322","18_D","D","3u","2","1","3"
"323","18_D","D","6b","2","1","3"
"324","18_D","D","4u","1","2","3"
"325","18_D","D","2u","1","2","3"
"326","18_D","D","9b","1","2","3"
"327","18_D","D","7b","2","1","3"
"328","18_D","D","6u","1","2","3"
"329","18_D","D","3b","1","2","3"
"330","18_D","D","1b","1","2","3"
"331","18_D","D","10u","2","1","3"
"332","18_D","D","5b","1","2","3"
"333","18_D","D","9u","1","2","3"
"334","18_D","D","7u","1","2","3"
"335","18_D","D","4b","2","1","3"
"336","18_D","D","8u","1","2","3"
"337","18_D","D","2b","2","1","3"
"338","18_D","D","5u","1","2","3"
"339","18_D","D","8b","1","2","3"
"340","18_D","D","1u","1","2","3"
"341","19_D","D","10b","1","2","3"
"342","19_D","D","3u","1","2","3"
"343","19_D","D","6b","1","2","3"
"344","19_D","D","4u","1","2","3"
"345","19_D","D","2u","1","2","3"
"346","19_D","D","9b","1","2","3"
"347","19_D","D","7b","1","2","3"
"348","19_D","D","6u","1","2","3"
"349","19_D","D","3b","1","2","3"
"350","19_D","D","1b","1","2","3"
"351","19_D","D","10u","1","2","3"
"352","19_D","D","5b","2","1","3"
"353","19_D","D","9u","1","2","3"
"354","19_D","D","7u","1","2","3"
"355","19_D","D","4b","1","2","3"
"356","19_D","D","8u","1","2","3"
"357","19_D","D","2b","1","2","3"
"358","19_D","D","5u","1","2","3"
"359","19_D","D","8b","1","2","3"
"360","19_D","D","1u","1","2","3"
"361","20_D","D","10b","1","2","3"
"362","20_D","D","3u","1","2","3"
"363","20_D","D","6b","3","1","2"
"364","20_D","D","4u","2","1","3"
"365","20_D","D","2u","3","1","2"
"366","20_D","D","9b","3","1","2"
"367","20_D","D","7b","3","1","2"
"368","20_D","D","6u","3","1","2"
"369","20_D","D","3b","3","1","2"
"370","20_D","D","1b","3","1","2"
"371","20_D","D","10u","3","1","2"
"372","20_D","D","5b","3","1","2"
"373","20_D","D","9u","3","1","2"
"374","20_D","D","7u","3","1","2"
"375","20_D","D","4b","3","1","2"
"376","20_D","D","8u","3","1","2"
"377","20_D","D","2b","2","1","3"
"378","20_D","D","5u","3","1","2"
"379","20_D","D","8b","3","1","2"
"380","20_D","D","1u","3","1","2"
"381","21_D","D","10b","1","2","3"
"382","21_D","D","3u","2","1","3"
"383","21_D","D","6b","2","1","3"
"384","21_D","D","4u","1","2","3"
"385","21_D","D","2u","2","1","3"
"386","21_D","D","9b","2","1","3"
"387","21_D","D","7b","2","1","3"
"388","21_D","D","6u","1","2","3"
"389","21_D","D","3b","2","1","3"
"390","21_D","D","1b","3","1","2"
"391","21_D","D","10u","3","1","2"
"393","21_D","D","9u","3","2","1"
"394","21_D","D","7u","2","1","3"
"395","21_D","D","4b","1","2","3"
"396","21_D","D","8u","2","3","1"
"397","21_D","D","2b","1","2","3"
"398","21_D","D","5u","2","1","3"
"399","21_D","D","8b","3","2","1"
"400","21_D","D","1u","1","2","3"
"401","22_D","D","10b","3","1","2"
"402","22_D","D","3u","2","1","3"
"403","22_D","D","6b","3","1","2"
"404","22_D","D","4u","3","1","2"
"405","22_D","D","2u","3","1","2"
"406","22_D","D","9b","2","1","3"
"407","22_D","D","7b","3","1","2"
"408","22_D","D","6u","3","1","2"
"409","22_D","D","3b","3","1","2"
"410","22_D","D","1b","3","1","2"
"411","22_D","D","10u","3","1","2"
"412","22_D","D","5b","2","1","3"
"413","22_D","D","9u","3","1","2"
"414","22_D","D","7u","3","1","2"
"415","22_D","D","4b","3","1","2"
"416","22_D","D","8u","3","1","2"
"417","22_D","D","2b","2","1","3"
"418","22_D","D","5u","3","1","2"
"419","22_D","D","8b","3","1","2"
"420","22_D","D","1u","3","1","2"
"421","23_D","D","10b","1","2","3"
"422","23_D","D","3u","3","1","2"
"423","23_D","D","6b","1","2","3"
"424","23_D","D","4u","2","1","3"
"425","23_D","D","2u","2","1","3"
"426","23_D","D","9b","2","3","1"
"427","23_D","D","7b","1","2","3"
"428","23_D","D","6u","2","1","3"
"429","23_D","D","3b","2","1","3"
"430","23_D","D","1b","1","2","3"
"431","23_D","D","10u","3","1","2"
"432","23_D","D","5b","3","2","1"
"433","23_D","D","9u","3","1","2"
"434","23_D","D","7u","2","1","3"
"435","23_D","D","4b","1","2","3"
"436","23_D","D","8u","1","2","3"
"437","23_D","D","2b","3","1","2"
"438","23_D","D","5u","2","1","3"
"439","23_D","D","8b","1","2","3"
"440","23_D","D","1u","3","1","2"
"441","24_D","D","10b","3","1","2"
"442","24_D","D","3u","3","1","2"
"443","24_D","D","6b","3","1","2"
"444","24_D","D","4u","3","1","2"
"445","24_D","D","2u","3","1","2"
"446","24_D","D","9b","3","1","2"
"447","24_D","D","7b","3","1","2"
"448","24_D","D","6u","3","1","2"
"449","24_D","D","3b","3","1","2"
"450","24_D","D","1b","3","1","2"
"451","24_D","D","10u","3","1","2"
"452","24_D","D","5b","3","1","2"
"453","24_D","D","9u","3","1","2"
"454","24_D","D","7u","3","1","2"
"455","24_D","D","4b","3","1","2"
"456","24_D","D","8u","3","1","2"
"457","24_D","D","2b","3","1","2"
"458","24_D","D","5u","3","1","2"
"459","24_D","D","8b","1","1","2"
"460","24_D","D","1u","3","1","2"
"461","25_D","D","10b","2","1","3"
"462","25_D","D","3u","2","1","3"
"463","25_D","D","6b","2","1","3"
"464","25_D","D","4u","1","2","3"
"465","25_D","D","2u","2","1","3"
"466","25_D","D","9b","2","1","3"
"467","25_D","D","7b","2","1","3"
"468","25_D","D","6u","2","1","3"
"470","25_D","D","1b","2","1","3"
"471","25_D","D","10u","2","1","3"
"472","25_D","D","5b","2","1","3"
"473","25_D","D","9u","2","1","3"
"474","25_D","D","7u","2","1","3"
"475","25_D","D","4b","2","1","3"
"476","25_D","D","8u","2","1","3"
"477","25_D","D","2b","2","1","3"
"478","25_D","D","5u","2","1","3"
"479","25_D","D","8b","2","1","3"
"480","25_D","D","1u","2","1","3"
"481","26_D","D","10b","1","3","2"
"482","26_D","D","3u","1","2","3"
"483","26_D","D","6b","1","2","3"
"484","26_D","D","4u","1","2","3"
"485","26_D","D","2u","1","2","3"
"486","26_D","D","9b","1","2","3"
"487","26_D","D","7b","1","2","3"
"488","26_D","D","6u","1","2","3"
"489","26_D","D","3b","1","2","3"
"490","26_D","D","1b","1","2","3"
"491","26_D","D","10u","3","1","2"
"492","26_D","D","5b","1","2","3"
"493","26_D","D","9u","1","3","2"
"494","26_D","D","7u","1","2","3"
"495","26_D","D","4b","1","3","2"
"496","26_D","D","8u","1","3","2"
"497","26_D","D","2b","3","1","2"
"498","26_D","D","5u","1","2","3"
"499","26_D","D","8b","1","2","3"
"500","26_D","D","1u","1","2","3"
"501","27_D","D","10b","1","2","3"
"502","27_D","D","3u","1","2","3"
"503","27_D","D","6b","1","2","3"
"504","27_D","D","4u","1","3","2"
"505","27_D","D","2u","1","2","3"
"506","27_D","D","9b","1","3","2"
"507","27_D","D","7b","1","3","2"
"508","27_D","D","6u","1","3","2"
"509","27_D","D","3b","1","3","2"
"510","27_D","D","1b","1","3","2"
"511","27_D","D","10u","1","3","2"
"512","27_D","D","5b","1","3","2"
"513","27_D","D","9u","1","3","2"
"514","27_D","D","7u","1","3","2"
"515","27_D","D","4b","1","3","2"
"516","27_D","D","8u","1","3","2"
"517","27_D","D","2b","1","3","2"
"518","27_D","D","5u","1","3","2"
"519","27_D","D","8b","1","3","2"
"520","27_D","D","1u","1","3","2"
"521","28_D","D","10b","2","1","3"
"522","28_D","D","3u","1","2","3"
"523","28_D","D","6b","1","2","3"
"524","28_D","D","4u","1","2","3"
"525","28_D","D","2u","1","2","3"
"526","28_D","D","9b","1","2","3"
"527","28_D","D","7b","1","2","3"
"528","28_D","D","6u","1","2","3"
"529","28_D","D","3b","1","2","3"
"530","28_D","D","1b","1","2","3"
"531","28_D","D","10u","3","1","2"
"532","28_D","D","5b","1","2","3"
"533","28_D","D","9u","1","3","2"
"534","28_D","D","7u","1","2","3"
"535","28_D","D","4b","1","2","3"
"536","28_D","D","8u","1","2","3"
"537","28_D","D","2b","2","1","3"
"538","28_D","D","5u","2","1","3"
"539","28_D","D","8b","1","2","3"
"540","28_D","D","1u","3","1","2"
"541","29_D","D","10b","1","2","3"
"542","29_D","D","3u","1","2","3"
"543","29_D","D","6b","1","2","3"
"544","29_D","D","4u","1","2","3"
"545","29_D","D","2u","2","1","3"
"546","29_D","D","9b","2","1","3"
"547","29_D","D","7b","2","1","3"
"548","29_D","D","6u","2","1","3"
"549","29_D","D","3b","2","1","3"
"550","29_D","D","1b","1","2","3"
"551","29_D","D","10u","2","1","3"
"552","29_D","D","5b","2","1","3"
"553","29_D","D","9u","3","1","2"
"554","29_D","D","7u","1","2","3"
"555","29_D","D","4b","2","1","3"
"556","29_D","D","8u","2","1","3"
"557","29_D","D","2b","2","1","3"
"558","29_D","D","5u","2","1","3"
"559","29_D","D","8b","3","1","2"
"560","29_D","D","1u","2","1","3"
"561","30_D","D","10b","1","2","3"
"562","30_D","D","3u","2","1","3"
"563","30_D","D","6b","3","1","2"
"564","30_D","D","4u","1","3","2"
"565","30_D","D","2u","3","1","2"
"566","30_D","D","9b","1","2","3"
"567","30_D","D","7b","2","1","3"
"568","30_D","D","6u","1","3","2"
"569","30_D","D","3b","3","2","1"
"570","30_D","D","1b","3","2","1"
"571","30_D","D","10u","3","2","1"
"572","30_D","D","5b","1","3","2"
"573","30_D","D","9u","3","2","1"
"574","30_D","D","7u","1","2","3"
"575","30_D","D","4b","1","2","3"
"576","30_D","D","8u","2","3","1"
"577","30_D","D","2b","1","2","3"
"578","30_D","D","5u","2","1","3"
"579","30_D","D","8b","3","2","1"
"580","30_D","D","1u","1","3","2"
"582","31_D","D","3u","3","1","2"
"583","31_D","D","6b","1","3","2"
"584","31_D","D","4u","1","2","3"
"585","31_D","D","2u","2","1","3"
"586","31_D","D","9b","3","1","2"
"587","31_D","D","7b","3","1","2"
"588","31_D","D","6u","2","3","1"
"589","31_D","D","3b","1","2","3"
"590","31_D","D","1b","3","2","1"
"591","31_D","D","10u","3","1","2"
"592","31_D","D","5b","1","2","3"
"594","31_D","D","7u","1","2","3"
"595","31_D","D","4b","3","1","2"
"596","31_D","D","8u","2","1","3"
"597","31_D","D","2b","1","2","3"
"598","31_D","D","5u","2","1","3"
"599","31_D","D","8b","1","2","3"
"600","31_D","D","1u","1","3","2"
"601","33_D","D","10b","2","3","1"
"602","33_D","D","3u","2","1","3"
"603","33_D","D","6b","3","1","2"
"604","33_D","D","4u","1","2","3"
"605","33_D","D","2u","2","1","3"
"606","33_D","D","9b","2","1","3"
"607","33_D","D","7b","3","1","2"
"608","33_D","D","6u","3","1","2"
"609","33_D","D","3b","3","1","2"
"610","33_D","D","1b","1","2","3"
"611","33_D","D","10u","2","1","3"
"612","33_D","D","5b","3","1","2"
"613","33_D","D","9u","3","1","2"
"614","33_D","D","7u","2","1","3"
"615","33_D","D","4b","1","2","3"
"616","33_D","D","8u","3","1","2"
"617","33_D","D","2b","3","1","2"
"618","33_D","D","5u","3","1","2"
"619","33_D","D","8b","1","2","3"
"620","33_D","D","1u","2","1","3"
"621","34_D","D","10b","3","1","2"
"622","34_D","D","3u","3","1","2"
"623","34_D","D","6b","3","1","2"
"624","34_D","D","4u","3","1","2"
"625","34_D","D","2u","3","1","2"
"626","34_D","D","9b","3","1","2"
"627","34_D","D","7b","3","1","2"
"628","34_D","D","6u","3","1","2"
"629","34_D","D","3b","3","1","2"
"630","34_D","D","1b","3","1","2"
"631","34_D","D","10u","3","1","2"
"632","34_D","D","5b","3","1","2"
"633","34_D","D","9u","3","1","2"
"634","34_D","D","7u","3","1","2"
"635","34_D","D","4b","3","1","2"
"637","34_D","D","2b","3","1","2"
"638","34_D","D","5u","3","1","2"
"639","34_D","D","8b","3","1","2"
"640","34_D","D","1u","3","1","2"
"641","35_D","D","10b","1","2","3"
"642","35_D","D","3u","1","2","3"
"643","35_D","D","6b","1","2","3"
"644","35_D","D","4u","1","2","3"
"645","35_D","D","2u","1","2","3"
"646","35_D","D","9b","1","2","3"
"647","35_D","D","7b","1","2","3"
"648","35_D","D","6u","1","2","3"
"649","35_D","D","3b","1","2","3"
"650","35_D","D","1b","1","2","3"
"651","35_D","D","10u","1","2","3"
"652","35_D","D","5b","1","2","3"
"653","35_D","D","9u","1","2","3"
"654","35_D","D","7u","1","2","3"
"655","35_D","D","4b","1","2","3"
"656","35_D","D","8u","1","2","3"
"657","35_D","D","2b","1","2","3"
"658","35_D","D","5u","1","2","3"
"659","35_D","D","8b","1","2","3"
"660","35_D","D","1u","1","2","3"
"663","1_E","E","10b","1","2","3"
"665","1_E","E","3u","1","2","3"
"666","1_E","E","6b","1","2","3"
"669","1_E","E","4u","2","1","3"
"670","1_E","E","2u","2","1","3"
"671","1_E","E","9b","1","2","3"
"673","1_E","E","7b","1","2","3"
"674","1_E","E","6u","1","2","3"
"676","1_E","E","3b","1","2","3"
"678","1_E","E","1b","1","2","3"
"679","1_E","E","10u","1","2","3"
"681","1_E","E","5b","1","2","3"
"682","1_E","E","9u","1","2","3"
"683","1_E","E","7u","1","2","3"
"684","1_E","E","4b","1","2","3"
"686","1_E","E","8u","1","2","3"
"688","1_E","E","2b","1","2","3"
"689","1_E","E","5u","1","2","3"
"691","1_E","E","8b","1","2","3"
"692","1_E","E","1u","1","2","3"
"695","2_E","E","10b","3","1","2"
"697","2_E","E","3u","2","1","3"
"698","2_E","E","6b","2","1","3"
"701","2_E","E","4u","3","1","2"
"702","2_E","E","2u","3","1","2"
"703","2_E","E","9b","3","1","2"
"706","2_E","E","6u","3","1","2"
"708","2_E","E","3b","3","1","2"
"710","2_E","E","1b","3","1","2"
"711","2_E","E","10u","3","1","2"
"713","2_E","E","5b","3","1","2"
"714","2_E","E","9u","3","1","2"
"715","2_E","E","7u","3","1","2"
"716","2_E","E","4b","3","1","2"
"718","2_E","E","8u","3","1","2"
"720","2_E","E","2b","3","1","2"
"721","2_E","E","5u","3","1","2"
"723","2_E","E","8b","3","1","2"
"724","2_E","E","1u","3","1","2"
"727","3_E","E","10b","3","1","2"
"729","3_E","E","3u","3","1","2"
"730","3_E","E","6b","3","1","2"
"733","3_E","E","4u","2","1","3"
"734","3_E","E","2u","3","1","2"
"735","3_E","E","9b","3","1","2"
"737","3_E","E","7b","3","1","2"
"738","3_E","E","6u","3","1","2"
"740","3_E","E","3b","3","1","2"
"742","3_E","E","1b","3","1","2"
"743","3_E","E","10u","3","1","2"
"745","3_E","E","5b","3","1","2"
"746","3_E","E","9u","3","1","2"
"747","3_E","E","7u","3","1","2"
"748","3_E","E","4b","3","1","2"
"750","3_E","E","8u","3","1","2"
"752","3_E","E","2b","3","1","2"
"753","3_E","E","5u","3","1","2"
"755","3_E","E","8b","3","1","2"
"756","3_E","E","1u","3","1","2"
"759","4_E","E","10b","3","1","2"
"761","4_E","E","3u","1","2","3"
"762","4_E","E","6b","1","2","3"
"766","4_E","E","2u","1","2","3"
"767","4_E","E","9b","1","2","3"
"770","4_E","E","6u","1","2","3"
"774","4_E","E","1b","1","2","3"
"775","4_E","E","10u","1","2","3"
"777","4_E","E","5b","1","2","3"
"779","4_E","E","7u","1","2","3"
"784","4_E","E","2b","1","2","3"
"785","4_E","E","5u","2","1","3"
"787","4_E","E","8b","2","1","3"
"788","4_E","E","1u","1","2","3"
"791","5_E","E","10b","3","1","2"
"793","5_E","E","3u","3","1","2"
"794","5_E","E","6b","3","1","2"
"797","5_E","E","4u","2","1","3"
"798","5_E","E","2u","3","1","2"
"801","5_E","E","7b","3","1","2"
"802","5_E","E","6u","3","1","2"
"804","5_E","E","3b","3","1","2"
"806","5_E","E","1b","3","1","2"
"807","5_E","E","10u","3","1","2"
"809","5_E","E","5b","3","1","2"
"810","5_E","E","9u","3","1","2"
"811","5_E","E","7u","3","1","2"
"812","5_E","E","4b","3","1","2"
"814","5_E","E","8u","3","1","2"
"816","5_E","E","2b","3","1","2"
"817","5_E","E","5u","3","1","2"
"819","5_E","E","8b","3","1","2"
"820","5_E","E","1u","3","1","2"
"823","6_E","E","10b","1","2","3"
"825","6_E","E","3u","1","2","3"
"830","6_E","E","2u","3","1","2"
"831","6_E","E","9b","1","2","3"
"834","6_E","E","6u","3","1","2"
"836","6_E","E","3b","2","1","3"
"838","6_E","E","1b","3","1","2"
"839","6_E","E","10u","3","1","2"
"841","6_E","E","5b","3","1","2"
"842","6_E","E","9u","1","2","3"
"843","6_E","E","7u","1","2","3"
"844","6_E","E","4b","3","1","2"
"846","6_E","E","8u","1","2","3"
"848","6_E","E","2b","1","2","3"
"849","6_E","E","5u","3","1","2"
"851","6_E","E","8b","3","1","2"
"852","6_E","E","1u","3","1","2"
"855","7_E","E","10b","1","2","3"
"857","7_E","E","3u","3","1","2"
"858","7_E","E","6b","2","1","3"
"861","7_E","E","4u","2","1","3"
"862","7_E","E","2u","2","1","3"
"863","7_E","E","9b","2","1","3"
"865","7_E","E","7b","2","1","3"
"866","7_E","E","6u","3","1","2"
"868","7_E","E","3b","3","1","2"
"870","7_E","E","1b","2","1","3"
"871","7_E","E","10u","3","1","2"
"873","7_E","E","5b","3","1","2"
"874","7_E","E","9u","3","1","2"
"875","7_E","E","7u","3","1","2"
"878","7_E","E","8u","3","1","2"
"880","7_E","E","2b","3","1","2"
"881","7_E","E","5u","3","1","2"
"883","7_E","E","8b","3","1","2"
"884","7_E","E","1u","2","1","3"
"887","8_E","E","10b","3","1","2"
"889","8_E","E","3u","2","1","3"
"890","8_E","E","6b","3","1","2"
"893","8_E","E","4u","3","1","2"
"894","8_E","E","2u","3","1","2"
"895","8_E","E","9b","3","1","2"
"897","8_E","E","7b","2","1","3"
"898","8_E","E","6u","3","1","2"
"900","8_E","E","3b","3","1","2"
"902","8_E","E","1b","3","1","2"
"903","8_E","E","10u","3","1","2"
"905","8_E","E","5b","3","1","2"
"906","8_E","E","9u","3","1","2"
"907","8_E","E","7u","3","1","2"
"908","8_E","E","4b","3","1","2"
"910","8_E","E","8u","3","1","2"
"912","8_E","E","2b","3","1","2"
"913","8_E","E","5u","3","1","2"
"915","8_E","E","8b","3","1","2"
"916","8_E","E","1u","3","1","2"
"919","9_E","E","10b","3","1","2"
"921","9_E","E","3u","3","1","2"
"922","9_E","E","6b","3","1","2"
"926","9_E","E","2u","3","1","2"
"927","9_E","E","9b","3","1","2"
"929","9_E","E","7b","3","1","2"
"930","9_E","E","6u","1","2","3"
"932","9_E","E","3b","3","1","2"
"934","9_E","E","1b","3","1","2"
"935","9_E","E","10u","3","1","2"
"938","9_E","E","9u","3","1","2"
"939","9_E","E","7u","3","1","2"
"940","9_E","E","4b","3","1","2"
"942","9_E","E","8u","3","1","2"
"944","9_E","E","2b","3","1","2"
"945","9_E","E","5u","3","1","2"
"947","9_E","E","8b","3","1","2"
"948","9_E","E","1u","3","1","2"
"951","10_E","E","10b","3","1","2"
"953","10_E","E","3u","3","1","2"
"954","10_E","E","6b","3","1","2"
"957","10_E","E","4u","3","1","2"
"958","10_E","E","2u","3","1","2"
"959","10_E","E","9b","3","1","2"
"961","10_E","E","7b","3","1","2"
"962","10_E","E","6u","3","1","2"
"964","10_E","E","3b","3","1","2"
"966","10_E","E","1b","3","1","2"
"967","10_E","E","10u","3","1","2"
"969","10_E","E","5b","3","1","2"
"970","10_E","E","9u","3","1","2"
"971","10_E","E","7u","3","1","2"
"972","10_E","E","4b","3","1","2"
"974","10_E","E","8u","3","1","2"
"976","10_E","E","2b","3","1","2"
"977","10_E","E","5u","3","1","2"
"979","10_E","E","8b","3","1","2"
"980","10_E","E","1u","3","1","2"
"983","11_E","E","10b","1","3","2"
"985","11_E","E","3u","3","1","2"
"986","11_E","E","6b","3","1","2"
"990","11_E","E","2u","2","1","3"
"991","11_E","E","9b","2","1","3"
"994","11_E","E","6u","2","1","3"
"996","11_E","E","3b","3","1","2"
"998","11_E","E","1b","2","3","1"
"999","11_E","E","10u","2","1","3"
"1001","11_E","E","5b","2","1","3"
"1002","11_E","E","9u","3","1","2"
"1003","11_E","E","7u","1","2","3"
"1004","11_E","E","4b","2","1","3"
"1006","11_E","E","8u","1","2","3"
"1008","11_E","E","2b","3","2","1"
"1009","11_E","E","5u","3","1","2"
"1011","11_E","E","8b","3","1","2"
"1012","11_E","E","1u","3","1","2"
"1015","12_E","E","10b","1","2","3"
"1018","12_E","E","6b","3","1","2"
"1021","12_E","E","4u","1","2","3"
"1022","12_E","E","2u","1","2","3"
"1023","12_E","E","9b","1","2","3"
"1025","12_E","E","7b","1","2","3"
"1026","12_E","E","6u","1","2","3"
"1028","12_E","E","3b","1","2","3"
"1030","12_E","E","1b","1","2","3"
"1031","12_E","E","10u","1","2","3"
"1033","12_E","E","5b","1","2","3"
"1034","12_E","E","9u","1","2","3"
"1035","12_E","E","7u","1","2","3"
"1036","12_E","E","4b","1","2","3"
"1038","12_E","E","8u","1","2","3"
"1040","12_E","E","2b","1","2","3"
"1041","12_E","E","5u","1","2","3"
"1043","12_E","E","8b","1","2","3"
"1044","12_E","E","1u","1","2","3"
"1047","13_E","E","10b","1","2","3"
"1049","13_E","E","3u","1","2","3"
"1050","13_E","E","6b","1","2","3"
"1053","13_E","E","4u","1","2","3"
"1054","13_E","E","2u","3","1","2"
"1055","13_E","E","9b","3","1","2"
"1057","13_E","E","7b","3","1","2"
"1058","13_E","E","6u","1","2","3"
"1060","13_E","E","3b","3","1","2"
"1062","13_E","E","1b","3","1","2"
"1063","13_E","E","10u","3","1","2"
"1066","13_E","E","9u","3","1","2"
"1067","13_E","E","7u","1","2","3"
"1068","13_E","E","4b","1","2","3"
"1070","13_E","E","8u","1","2","3"
"1072","13_E","E","2b","3","1","2"
"1073","13_E","E","5u","1","2","3"
"1075","13_E","E","8b","3","1","2"
"1076","13_E","E","1u","1","2","3"
"1079","15_E","E","10b","1","2","3"
"1081","15_E","E","3u","1","2","3"
"1082","15_E","E","6b","1","2","3"
"1085","15_E","E","4u","1","2","3"
"1086","15_E","E","2u","2","1","3"
"1087","15_E","E","9b","2","1","3"
"1089","15_E","E","7b","1","2","3"
"1090","15_E","E","6u","2","1","3"
"1092","15_E","E","3b","3","1","2"
"1094","15_E","E","1b","1","2","3"
"1095","15_E","E","10u","2","1","3"
"1097","15_E","E","5b","1","2","3"
"1098","15_E","E","9u","1","2","3"
"1099","15_E","E","7u","1","2","3"
"1100","15_E","E","4b","3","1","2"
"1102","15_E","E","8u","2","1","3"
"1104","15_E","E","2b","1","2","3"
"1105","15_E","E","5u","1","2","3"
"1107","15_E","E","8b","1","2","3"
"1108","15_E","E","1u","1","2","3"
"1111","16_E","E","10b","3","1","2"
"1113","16_E","E","3u","3","1","2"
"1114","16_E","E","6b","3","1","2"
"1117","16_E","E","4u","3","1","2"
"1118","16_E","E","2u","3","1","2"
"1121","16_E","E","7b","2","1","3"
"1122","16_E","E","6u","2","1","3"
"1124","16_E","E","3b","3","1","2"
"1126","16_E","E","1b","3","1","2"
"1127","16_E","E","10u","3","1","2"
"1129","16_E","E","5b","3","1","2"
"1131","16_E","E","7u","3","1","2"
"1132","16_E","E","4b","3","1","2"
"1134","16_E","E","8u","3","1","2"
"1136","16_E","E","2b","3","1","2"
"1137","16_E","E","5u","3","1","2"
"1139","16_E","E","8b","3","1","2"
"1143","17_E","E","10b","3","1","2"
"1145","17_E","E","3u","3","1","2"
"1146","17_E","E","6b","3","1","2"
"1149","17_E","E","4u","3","1","2"
"1150","17_E","E","2u","3","1","2"
"1151","17_E","E","9b","3","1","2"
"1153","17_E","E","7b","3","1","2"
"1154","17_E","E","6u","3","1","2"
"1156","17_E","E","3b","3","1","2"
"1158","17_E","E","1b","3","1","2"
"1159","17_E","E","10u","3","1","2"
"1161","17_E","E","5b","3","1","2"
"1162","17_E","E","9u","3","1","2"
"1163","17_E","E","7u","3","1","2"
"1164","17_E","E","4b","3","1","2"
"1166","17_E","E","8u","3","1","2"
"1168","17_E","E","2b","3","1","2"
"1169","17_E","E","5u","3","1","2"
"1171","17_E","E","8b","3","1","2"
"1172","17_E","E","1u","3","1","2"
"1175","18_E","E","10b","1","2","3"
"1177","18_E","E","3u","1","2","3"
"1178","18_E","E","6b","1","2","3"
"1182","18_E","E","2u","1","2","3"
"1183","18_E","E","9b","1","2","3"
"1185","18_E","E","7b","1","2","3"
"1188","18_E","E","3b","2","1","3"
"1190","18_E","E","1b","2","1","3"
"1191","18_E","E","10u","2","1","3"
"1193","18_E","E","5b","3","1","2"
"1194","18_E","E","9u","2","1","3"
"1195","18_E","E","7u","1","2","3"
"1196","18_E","E","4b","1","2","3"
"1198","18_E","E","8u","1","2","3"
"1200","18_E","E","2b","1","2","3"
"1201","18_E","E","5u","2","1","3"
"1203","18_E","E","8b","3","1","2"
"1204","18_E","E","1u","3","1","2"
"1207","19_E","E","10b","1","2","3"
"1209","19_E","E","3u","3","1","2"
"1210","19_E","E","6b","3","1","2"
"1213","19_E","E","4u","3","1","2"
"1214","19_E","E","2u","3","1","2"
"1215","19_E","E","9b","3","1","2"
"1217","19_E","E","7b","3","1","2"
"1218","19_E","E","6u","3","1","2"
"1220","19_E","E","3b","3","1","2"
"1222","19_E","E","1b","3","1","2"
"1223","19_E","E","10u","3","1","2"
"1225","19_E","E","5b","3","1","2"
"1226","19_E","E","9u","3","1","2"
"1227","19_E","E","7u","3","1","2"
"1228","19_E","E","4b","3","1","2"
"1230","19_E","E","8u","3","1","2"
"1232","19_E","E","2b","3","1","2"
"1233","19_E","E","5u","3","1","2"
"1235","19_E","E","8b","3","1","2"
"1236","19_E","E","1u","3","1","2"
"1239","20_E","E","10b","1","2","3"
"1241","20_E","E","3u","1","2","3"
"1242","20_E","E","6b","1","2","3"
"1246","20_E","E","2u","1","2","3"
"1247","20_E","E","9b","1","2","3"
"1250","20_E","E","6u","1","2","3"
"1252","20_E","E","3b","1","2","3"
"1254","20_E","E","1b","1","2","3"
"1255","20_E","E","10u","1","2","3"
"1257","20_E","E","5b","1","2","3"
"1258","20_E","E","9u","1","2","3"
"1259","20_E","E","7u","1","2","3"
"1260","20_E","E","4b","1","2","3"
"1262","20_E","E","8u","1","2","3"
"1264","20_E","E","2b","1","2","3"
"1265","20_E","E","5u","1","2","3"
"1267","20_E","E","8b","1","2","3"
"1268","20_E","E","1u","1","2","3"
"1271","21_E","E","10b","1","2","3"
"1273","21_E","E","3u","1","2","3"
"1274","21_E","E","6b","1","2","3"
"1277","21_E","E","4u","1","2","3"
"1278","21_E","E","2u","1","2","3"
"1279","21_E","E","9b","1","2","3"
"1281","21_E","E","7b","1","2","3"
"1282","21_E","E","6u","1","2","3"
"1284","21_E","E","3b","2","1","3"
"1286","21_E","E","1b","1","1","3"
"1287","21_E","E","10u","2","1","3"
"1289","21_E","E","5b","1","2","3"
"1290","21_E","E","9u","2","1","3"
"1291","21_E","E","7u","1","2","3"
"1292","21_E","E","4b","2","1","3"
"1294","21_E","E","8u","1","2","3"
"1296","21_E","E","2b","1","2","3"
"1297","21_E","E","5u","1","2","3"
"1299","21_E","E","8b","1","2","3"
"1300","21_E","E","1u","1","2","3"
"1303","22_E","E","10b","1","3","2"
"1305","22_E","E","3u","1","2","3"
"1306","22_E","E","6b","3","1","2"
"1310","22_E","E","2u","3","1","2"
"1311","22_E","E","9b","3","1","2"
"1314","22_E","E","6u","2","1","3"
"1316","22_E","E","3b","2","1","3"
"1318","22_E","E","1b","2","1","3"
"1319","22_E","E","10u","3","1","2"
"1321","22_E","E","5b","1","2","3"
"1323","22_E","E","7u","1","2","3"
"1324","22_E","E","4b","3","1","2"
"1326","22_E","E","8u","2","1","3"
"1328","22_E","E","2b","3","1","2"
"1329","22_E","E","5u","3","1","2"
"1331","22_E","E","8b","3","1","2"
"1332","22_E","E","1u","3","1","2"
"1335","23_E","E","10b","3","1","2"
"1337","23_E","E","3u","3","1","2"
"1338","23_E","E","6b","3","1","2"
"1341","23_E","E","4u","2","1","3"
"1342","23_E","E","2u","3","1","2"
"1343","23_E","E","9b","3","1","2"
"1345","23_E","E","7b","2","1","3"
"1346","23_E","E","6u","3","1","2"
"1348","23_E","E","3b","3","1","2"
"1350","23_E","E","1b","3","1","2"
"1351","23_E","E","10u","3","1","2"
"1353","23_E","E","5b","3","1","2"
"1354","23_E","E","9u","1","2","3"
"1355","23_E","E","7u","2","1","3"
"1356","23_E","E","4b","3","1","2"
"1358","23_E","E","8u","3","1","2"
"1360","23_E","E","2b","3","1","2"
"1361","23_E","E","5u","3","1","2"
"1363","23_E","E","8b","3","1","2"
"1364","23_E","E","1u","3","1","2"
"1367","24_E","E","10b","3","1","2"
"1369","24_E","E","3u","2","1","3"
"1370","24_E","E","6b","3","1","2"
"1373","24_E","E","4u","3","1","2"
"1374","24_E","E","2u","3","1","2"
"1375","24_E","E","9b","2","1","3"
"1378","24_E","E","6u","3","1","2"
"1382","24_E","E","1b","3","1","2"
"1383","24_E","E","10u","2","1","3"
"1385","24_E","E","5b","2","1","3"
"1386","24_E","E","9u","2","1","3"
"1387","24_E","E","7u","3","1","2"
"1388","24_E","E","4b","3","1","2"
"1390","24_E","E","8u","3","1","2"
"1392","24_E","E","2b","3","1","2"
"1393","24_E","E","5u","3","1","2"
"1395","24_E","E","8b","3","1","2"
"1396","24_E","E","1u","3","1","2"
"1399","25_E","E","10b","3","1","2"
"1401","25_E","E","3u","3","1","2"
"1402","25_E","E","6b","3","1","2"
"1406","25_E","E","2u","3","1","2"
"1407","25_E","E","9b","3","1","2"
"1412","25_E","E","3b","2","1","3"
"1414","25_E","E","1b","3","1","2"
"1417","25_E","E","5b","3","1","2"
"1418","25_E","E","9u","2","1","3"
"1419","25_E","E","7u","3","2","1"
"1420","25_E","E","4b","3","1","2"
"1422","25_E","E","8u","2","1","3"
"1424","25_E","E","2b","3","1","2"
"1425","25_E","E","5u","2","1","3"
"1427","25_E","E","8b","3","1","2"
"1428","25_E","E","1u","1","2","3"
"1433","26_E","E","3u","3","2","1"
"1434","26_E","E","6b","3","1","2"
"1437","26_E","E","4u","2","1","3"
"1438","26_E","E","2u","3","1","2"
"1439","26_E","E","9b","3","1","2"
"1441","26_E","E","7b","3","1","2"
"1442","26_E","E","6u","3","1","2"
"1444","26_E","E","3b","3","1","2"
"1446","26_E","E","1b","3","1","2"
"1447","26_E","E","10u","3","1","2"
"1449","26_E","E","5b","3","1","2"
"1450","26_E","E","9u","1","3","2"
"1451","26_E","E","7u","2","1","3"
"1452","26_E","E","4b","3","1","2"
"1454","26_E","E","8u","3","1","2"
"1456","26_E","E","2b","2","1","3"
"1457","26_E","E","5u","3","1","2"
"1459","26_E","E","8b","3","1","2"
"1460","26_E","E","1u","3","1","2"
"1463","27_E","E","10b","3","1","2"
"1465","27_E","E","3u","3","1","2"
"1466","27_E","E","6b","3","1","2"
"1470","27_E","E","2u","3","1","2"
"1471","27_E","E","9b","3","1","2"
"1474","27_E","E","6u","3","1","2"
"1478","27_E","E","1b","3","1","2"
"1479","27_E","E","10u","3","1","2"
"1481","27_E","E","5b","3","1","2"
"1483","27_E","E","7u","3","1","2"
"1484","27_E","E","4b","3","1","2"
"1486","27_E","E","8u","3","1","2"
"1488","27_E","E","2b","3","1","2"
"1489","27_E","E","5u","3","1","2"
"1491","27_E","E","8b","3","1","2"
"1495","28_E","E","10b","3","1","2"
"1497","28_E","E","3u","3","1","2"
"1498","28_E","E","6b","3","1","2"
"1503","28_E","E","9b","3","1","2"
"1508","28_E","E","3b","3","1","2"
"1510","28_E","E","1b","3","1","2"
"1511","28_E","E","10u","3","1","2"
"1513","28_E","E","5b","3","1","2"
"1515","28_E","E","7u","3","1","2"
"1516","28_E","E","4b","3","1","2"
"1518","28_E","E","8u","3","1","2"
"1520","28_E","E","2b","3","1","2"
"1521","28_E","E","5u","3","1","2"
"1523","28_E","E","8b","3","1","2"
"1527","29_E","E","10b","2","1","3"
"1529","29_E","E","3u","1","2","3"
"1530","29_E","E","6b","1","2","3"
"1534","29_E","E","2u","2","1","3"
"1535","29_E","E","9b","1","2","3"
"1537","29_E","E","7b","2","1","3"
"1538","29_E","E","6u","3","1","2"
"1540","29_E","E","3b","1","2","3"
"1542","29_E","E","1b","1","2","3"
"1543","29_E","E","10u","1","2","3"
"1545","29_E","E","5b","1","2","3"
"1547","29_E","E","7u","1","2","3"
"1548","29_E","E","4b","3","1","2"
"1550","29_E","E","8u","2","1","3"
"1552","29_E","E","2b","1","2","3"
"1553","29_E","E","5u","2","1","3"
"1555","29_E","E","8b","1","2","3"
"1556","29_E","E","1u","1","2","3"
"1559","30_E","E","10b","3","1","2"
"1561","30_E","E","3u","1","2","3"
"1562","30_E","E","6b","3","1","2"
"1566","30_E","E","2u","3","1","2"
"1569","30_E","E","7b","3","1","2"
"1570","30_E","E","6u","1","2","3"
"1572","30_E","E","3b","2","1","3"
"1574","30_E","E","1b","3","1","2"
"1575","30_E","E","10u","2","1","3"
"1577","30_E","E","5b","3","1","2"
"1579","30_E","E","7u","1","2","3"
"1580","30_E","E","4b","3","1","2"
"1582","30_E","E","8u","3","1","2"
"1584","30_E","E","2b","2","1","3"
"1585","30_E","E","5u","2","1","3"
"1587","30_E","E","8b","3","1","2"
"1588","30_E","E","1u","3","1","2"
"1591","31_E","E","10b","1","3","2"
"1593","31_E","E","3u","1","2","3"
"1594","31_E","E","6b","1","2","3"
"1598","31_E","E","2u","3","1","2"
"1599","31_E","E","9b","3","1","2"
"1601","31_E","E","7b","2","1","3"
"1602","31_E","E","6u","1","2","3"
"1604","31_E","E","3b","1","2","3"
"1606","31_E","E","1b","3","1","2"
"1607","31_E","E","10u","3","1","2"
"1609","31_E","E","5b","3","1","2"
"1610","31_E","E","9u","2","1","3"
"1611","31_E","E","7u","1","2","3"
"1612","31_E","E","4b","1","2","3"
"1614","31_E","E","8u","1","2","3"
"1616","31_E","E","2b","3","1","2"
"1617","31_E","E","5u","3","1","2"
"1619","31_E","E","8b","3","1","2"
"1620","31_E","E","1u","1","2","3"
"1623","33_E","E","10b","3","1","2"
"1625","33_E","E","3u","1","2","3"
"1626","33_E","E","6b","1","2","3"
"1629","33_E","E","4u","3","1","2"
"1630","33_E","E","2u","3","1","2"
"1633","33_E","E","7b","3","1","2"
"1634","33_E","E","6u","3","1","2"
"1636","33_E","E","3b","3","1","2"
"1638","33_E","E","1b","3","1","2"
"1639","33_E","E","10u","3","1","2"
"1641","33_E","E","5b","3","1","2"
"1642","33_E","E","9u","3","1","2"
"1643","33_E","E","7u","3","1","2"
"1644","33_E","E","4b","3","1","2"
"1646","33_E","E","8u","3","1","2"
"1648","33_E","E","2b","3","1","2"
"1649","33_E","E","5u","3","1","2"
"1651","33_E","E","8b","3","1","2"
"1652","33_E","E","1u","3","1","2"
"1655","34_E","E","10b","1","2","3"
"1657","34_E","E","3u","1","2","3"
"1658","34_E","E","6b","1","2","3"
"1662","34_E","E","2u","1","2","3"
"1663","34_E","E","9b","1","2","3"
"1665","34_E","E","7b","1","2","3"
"1666","34_E","E","6u","1","2","3"
"1668","34_E","E","3b","1","2","3"
"1670","34_E","E","1b","1","2","3"
"1671","34_E","E","10u","1","2","3"
"1673","34_E","E","5b","1","2","3"
"1674","34_E","E","9u","1","2","3"
"1675","34_E","E","7u","1","2","3"
"1676","34_E","E","4b","1","2","3"
"1678","34_E","E","8u","1","2","3"
"1680","34_E","E","2b","1","2","3"
"1681","34_E","E","5u","1","2","3"
"1683","34_E","E","8b","1","2","3"
"1684","34_E","E","1u","1","2","3"
"1687","35_E","E","10b","3","1","2"
"1689","35_E","E","3u","3","1","2"
"1690","35_E","E","6b","3","1","2"
"1693","35_E","E","4u","2","1","3"
"1694","35_E","E","2u","1","2","3"
"1695","35_E","E","9b","2","1","3"
"1697","35_E","E","7b","1","2","3"
"1698","35_E","E","6u","3","1","2"
"1700","35_E","E","3b","3","1","2"
"1702","35_E","E","1b","1","2","3"
"1703","35_E","E","10u","3","1","2"
"1705","35_E","E","5b","3","1","2"
"1706","35_E","E","9u","1","2","3"
"1707","35_E","E","7u","1","2","3"
"1708","35_E","E","4b","3","2","1"
"1710","35_E","E","8u","3","1","2"
"1712","35_E","E","2b","3","1","2"
"1713","35_E","E","5u","2","1","3"
"1715","35_E","E","8b","3","2","1"
"1716","35_E","E","1u","3","2","1"
"1719","36_E","E","10b","3","1","2"
"1721","36_E","E","3u","3","1","2"
"1722","36_E","E","6b","3","1","2"
"1725","36_E","E","4u","2","1","3"
"1726","36_E","E","2u","3","1","2"
"1727","36_E","E","9b","3","1","2"
"1730","36_E","E","6u","3","1","2"
"1732","36_E","E","3b","2","1","3"
"1734","36_E","E","1b","3","1","2"
"1735","36_E","E","10u","3","1","2"
"1737","36_E","E","5b","3","1","2"
"1738","36_E","E","9u","3","1","2"
"1739","36_E","E","7u","3","1","2"
"1740","36_E","E","4b","3","1","2"
"1742","36_E","E","8u","3","1","2"
"1744","36_E","E","2b","3","1","2"
"1745","36_E","E","5u","3","1","2"
"1747","36_E","E","8b","3","1","2"
"1748","36_E","E","1u","3","1","2"
"1751","1_T","T","10b","1","2","3"
"1753","1_T","T","3u","1","2","3"
"1754","1_T","T","6b","1","2","3"
"1757","1_T","T","4u","1","2","3"
"1758","1_T","T","2u","1","2","3"
"1759","1_T","T","9b","1","2","3"
"1761","1_T","T","7b","1","2","3"
"1762","1_T","T","6u","1","2","3"
"1764","1_T","T","3b","1","2","3"
"1766","1_T","T","1b","1","2","3"
"1767","1_T","T","10u","1","2","3"
"1769","1_T","T","5b","1","2","3"
"1770","1_T","T","9u","1","2","3"
"1771","1_T","T","7u","1","2","3"
"1772","1_T","T","4b","1","2","3"
"1774","1_T","T","8u","1","2","3"
"1776","1_T","T","2b","1","2","3"
"1777","1_T","T","5u","1","2","3"
"1779","1_T","T","8b","1","2","3"
"1780","1_T","T","1u","1","2","3"
"1783","2_T","T","10b","1","2","3"
"1785","2_T","T","3u","1","2","3"
"1786","2_T","T","6b","1","2","3"
"1789","2_T","T","4u","1","2","3"
"1790","2_T","T","2u","1","2","3"
"1791","2_T","T","9b","1","2","3"
"1793","2_T","T","7b","2","1","3"
"1794","2_T","T","6u","1","2","3"
"1796","2_T","T","3b","2","1","3"
"1798","2_T","T","1b","1","2","3"
"1799","2_T","T","10u","1","2","3"
"1801","2_T","T","5b","2","1","3"
"1802","2_T","T","9u","2","1","3"
"1803","2_T","T","7u","2","1","3"
"1804","2_T","T","4b","1","2","3"
"1806","2_T","T","8u","1","2","3"
"1808","2_T","T","2b","2","1","3"
"1809","2_T","T","5u","1","2","3"
"1811","2_T","T","8b","2","1","3"
"1812","2_T","T","1u","1","2","3"
"1815","3_T","T","10b","1","2","3"
"1817","3_T","T","3u","1","2","3"
"1818","3_T","T","6b","1","2","3"
"1821","3_T","T","4u","1","2","3"
"1822","3_T","T","2u","1","2","3"
"1823","3_T","T","9b","1","2","3"
"1825","3_T","T","7b","1","2","3"
"1826","3_T","T","6u","1","2","3"
"1828","3_T","T","3b","1","2","3"
"1830","3_T","T","1b","1","2","3"
"1831","3_T","T","10u","1","2","3"
"1833","3_T","T","5b","1","2","3"
"1834","3_T","T","9u","1","2","3"
"1835","3_T","T","7u","1","2","3"
"1836","3_T","T","4b","1","2","3"
"1838","3_T","T","8u","1","2","3"
"1840","3_T","T","2b","1","2","3"
"1841","3_T","T","5u","1","2","3"
"1843","3_T","T","8b","1","2","3"
"1844","3_T","T","1u","1","2","3"
"1847","4_T","T","10b","2","1","3"
"1849","4_T","T","3u","2","1","3"
"1850","4_T","T","6b","3","1","2"
"1853","4_T","T","4u","2","1","3"
"1854","4_T","T","2u","2","1","3"
"1855","4_T","T","9b","2","1","3"
"1857","4_T","T","7b","2","1","3"
"1858","4_T","T","6u","2","1","3"
"1860","4_T","T","3b","2","1","3"
"1862","4_T","T","1b","2","1","3"
"1863","4_T","T","10u","2","1","3"
"1865","4_T","T","5b","2","1","3"
"1866","4_T","T","9u","2","1","3"
"1867","4_T","T","7u","2","1","3"
"1868","4_T","T","4b","2","1","3"
"1870","4_T","T","8u","2","1","3"
"1872","4_T","T","2b","2","1","3"
"1873","4_T","T","5u","2","1","3"
"1875","4_T","T","8b","2","1","3"
"1876","4_T","T","1u","2","1","3"
"1879","5_T","T","10b","2","1","3"
"1881","5_T","T","3u","2","1","3"
"1882","5_T","T","6b","2","1","3"
"1885","5_T","T","4u","3","1","2"
"1886","5_T","T","2u","2","1","3"
"1887","5_T","T","9b","2","1","3"
"1889","5_T","T","7b","2","1","3"
"1890","5_T","T","6u","2","1","3"
"1892","5_T","T","3b","2","1","3"
"1894","5_T","T","1b","2","1","3"
"1895","5_T","T","10u","2","1","3"
"1897","5_T","T","5b","2","1","3"
"1898","5_T","T","9u","2","1","3"
"1899","5_T","T","7u","2","1","3"
"1900","5_T","T","4b","2","1","3"
"1902","5_T","T","8u","2","1","3"
"1904","5_T","T","2b","2","1","3"
"1905","5_T","T","5u","2","1","3"
"1907","5_T","T","8b","2","1","3"
"1908","5_T","T","1u","2","1","3"
"1911","6_T","T","10b","2","1","3"
"1913","6_T","T","3u","2","1","3"
"1914","6_T","T","6b","2","1","3"
"1917","6_T","T","4u","2","1","3"
"1918","6_T","T","2u","2","1","3"
"1919","6_T","T","9b","2","1","3"
"1921","6_T","T","7b","2","1","3"
"1922","6_T","T","6u","2","1","3"
"1924","6_T","T","3b","2","1","3"
"1926","6_T","T","1b","2","1","3"
"1927","6_T","T","10u","2","1","3"
"1929","6_T","T","5b","2","1","3"
"1930","6_T","T","9u","2","1","3"
"1931","6_T","T","7u","2","1","3"
"1932","6_T","T","4b","2","1","3"
"1934","6_T","T","8u","2","1","3"
"1936","6_T","T","2b","2","1","3"
"1937","6_T","T","5u","2","1","3"
"1939","6_T","T","8b","2","1","3"
"1940","6_T","T","1u","2","1","3"
"1943","7_T","T","10b","2","1","3"
"1945","7_T","T","3u","2","1","3"
"1946","7_T","T","6b","3","1","2"
"1949","7_T","T","4u","3","1","2"
"1950","7_T","T","2u","2","1","3"
"1951","7_T","T","9b","3","2","1"
"1953","7_T","T","7b","2","1","3"
"1954","7_T","T","6u","1","2","3"
"1956","7_T","T","3b","2","1","3"
"1958","7_T","T","1b","1","2","3"
"1959","7_T","T","10u","1","2","3"
"1961","7_T","T","5b","2","1","3"
"1962","7_T","T","9u","1","2","3"
"1963","7_T","T","7u","2","1","3"
"1964","7_T","T","4b","2","1","3"
"1966","7_T","T","8u","1","2","3"
"1968","7_T","T","2b","2","1","3"
"1969","7_T","T","5u","3","2","1"
"1971","7_T","T","8b","1","2","3"
"1972","7_T","T","1u","2","1","3"
"1975","8_T","T","10b","2","1","3"
"1977","8_T","T","3u","1","2","3"
"1978","8_T","T","6b","1","2","3"
"1981","8_T","T","4u","1","2","3"
"1982","8_T","T","2u","1","2","3"
"1983","8_T","T","9b","1","2","3"
"1985","8_T","T","7b","1","2","3"
"1986","8_T","T","6u","1","2","3"
"1988","8_T","T","3b","1","2","3"
"1990","8_T","T","1b","1","2","3"
"1991","8_T","T","10u","1","2","3"
"1993","8_T","T","5b","1","2","3"
"1994","8_T","T","9u","1","2","3"
"1995","8_T","T","7u","1","2","3"
"1996","8_T","T","4b","1","2","3"
"1998","8_T","T","8u","1","2","3"
"2000","8_T","T","2b","1","2","3"
"2001","8_T","T","5u","1","2","3"
"2003","8_T","T","8b","1","2","3"
"2004","8_T","T","1u","1","2","3"
"2007","9_T","T","10b","2","1","3"
"2009","9_T","T","3u","1","2","3"
"2010","9_T","T","6b","2","1","3"
"2013","9_T","T","4u","2","1","3"
"2014","9_T","T","2u","2","1","3"
"2015","9_T","T","9b","2","1","3"
"2017","9_T","T","7b","1","2","3"
"2018","9_T","T","6u","2","1","3"
"2020","9_T","T","3b","2","1","3"
"2022","9_T","T","1b","2","1","3"
"2023","9_T","T","10u","2","1","3"
"2025","9_T","T","5b","2","1","3"
"2026","9_T","T","9u","2","1","3"
"2027","9_T","T","7u","2","1","3"
"2028","9_T","T","4b","1","2","3"
"2030","9_T","T","8u","1","2","3"
"2032","9_T","T","2b","1","3","2"
"2033","9_T","T","5u","1","2","3"
"2035","9_T","T","8b","3","1","2"
"2036","9_T","T","1u","2","1","3"
"2039","10_T","T","10b","2","1","3"
"2041","10_T","T","3u","2","1","3"
"2042","10_T","T","6b","2","1","3"
"2045","10_T","T","4u","2","1","3"
"2046","10_T","T","2u","2","1","3"
"2047","10_T","T","9b","2","1","3"
"2049","10_T","T","7b","2","1","3"
"2050","10_T","T","6u","2","1","3"
"2052","10_T","T","3b","2","1","3"
"2054","10_T","T","1b","2","1","3"
"2055","10_T","T","10u","2","1","3"
"2057","10_T","T","5b","2","1","3"
"2058","10_T","T","9u","1","2","3"
"2059","10_T","T","7u","1","2","3"
"2060","10_T","T","4b","2","1","3"
"2062","10_T","T","8u","2","1","3"
"2064","10_T","T","2b","2","1","3"
"2065","10_T","T","5u","2","1","3"
"2067","10_T","T","8b","2","1","3"
"2068","10_T","T","1u","2","1","3"
"2071","11_T","T","10b","3","1","2"
"2073","11_T","T","3u","1","2","3"
"2074","11_T","T","6b","2","1","3"
"2077","11_T","T","4u","1","2","3"
"2078","11_T","T","2u","2","1","3"
"2079","11_T","T","9b","2","1","3"
"2081","11_T","T","7b","2","1","3"
"2082","11_T","T","6u","2","1","3"
"2084","11_T","T","3b","2","1","3"
"2086","11_T","T","1b","2","1","3"
"2087","11_T","T","10u","2","1","3"
"2089","11_T","T","5b","2","1","3"
"2090","11_T","T","9u","2","1","3"
"2091","11_T","T","7u","2","1","3"
"2092","11_T","T","4b","2","1","3"
"2094","11_T","T","8u","2","1","3"
"2096","11_T","T","2b","2","1","3"
"2097","11_T","T","5u","2","1","3"
"2099","11_T","T","8b","2","1","3"
"2100","11_T","T","1u","2","1","3"
"2103","12_T","T","10b","3","1","2"
"2105","12_T","T","3u","2","1","3"
"2106","12_T","T","6b","1","3","2"
"2109","12_T","T","4u","1","2","3"
"2110","12_T","T","2u","1","2","3"
"2111","12_T","T","9b","1","2","3"
"2113","12_T","T","7b","3","1","2"
"2114","12_T","T","6u","3","1","2"
"2116","12_T","T","3b","2","1","3"
"2118","12_T","T","1b","3","1","2"
"2119","12_T","T","10u","3","1","2"
"2121","12_T","T","5b","2","1","3"
"2122","12_T","T","9u","2","1","3"
"2123","12_T","T","7u","2","1","3"
"2124","12_T","T","4b","3","1","2"
"2126","12_T","T","8u","3","1","2"
"2128","12_T","T","2b","3","1","2"
"2129","12_T","T","5u","3","1","2"
"2131","12_T","T","8b","3","1","2"
"2132","12_T","T","1u","3","1","2"
"2135","13_T","T","10b","2","1","3"
"2137","13_T","T","3u","2","1","3"
"2138","13_T","T","6b","1","2","3"
"2141","13_T","T","4u","1","2","3"
"2142","13_T","T","2u","2","1","3"
"2143","13_T","T","9b","1","2","3"
"2145","13_T","T","7b","2","1","3"
"2146","13_T","T","6u","1","3","2"
"2148","13_T","T","3b","1","2","3"
"2150","13_T","T","1b","1","2","3"
"2151","13_T","T","10u","1","2","3"
"2153","13_T","T","5b","1","2","3"
"2154","13_T","T","9u","1","2","3"
"2155","13_T","T","7u","1","2","3"
"2156","13_T","T","4b","1","3","2"
"2158","13_T","T","8u","1","2","3"
"2160","13_T","T","2b","1","2","3"
"2161","13_T","T","5u","1","2","3"
"2163","13_T","T","8b","1","2","3"
"2164","13_T","T","1u","1","2","3"
"2167","14_T","T","10b","1","2","3"
"2169","14_T","T","3u","1","2","3"
"2170","14_T","T","6b","1","2","3"
"2173","14_T","T","4u","1","2","3"
"2174","14_T","T","2u","1","2","3"
"2175","14_T","T","9b","1","2","3"
"2177","14_T","T","7b","1","2","3"
"2178","14_T","T","6u","1","2","3"
"2180","14_T","T","3b","1","2","3"
"2182","14_T","T","1b","1","2","3"
"2183","14_T","T","10u","1","2","3"
"2185","14_T","T","5b","1","2","3"
"2186","14_T","T","9u","1","2","3"
"2187","14_T","T","7u","1","2","3"
"2188","14_T","T","4b","1","2","3"
"2190","14_T","T","8u","1","2","3"
"2192","14_T","T","2b","1","2","3"
"2193","14_T","T","5u","1","2","3"
"2195","14_T","T","8b","1","2","3"
"2196","14_T","T","1u","1","2","3"
"2199","15_T","T","10b","2","1","3"
"2201","15_T","T","3u","2","1","3"
"2202","15_T","T","6b","2","1","3"
"2205","15_T","T","4u","2","1","3"
"2206","15_T","T","2u","2","1","3"
"2207","15_T","T","9b","2","1","3"
"2209","15_T","T","7b","2","1","3"
"2210","15_T","T","6u","2","1","3"
"2212","15_T","T","3b","2","1","3"
"2214","15_T","T","1b","2","1","3"
"2215","15_T","T","10u","2","1","3"
"2217","15_T","T","5b","2","1","3"
"2218","15_T","T","9u","2","1","3"
"2219","15_T","T","7u","2","1","3"
"2220","15_T","T","4b","2","1","3"
"2222","15_T","T","8u","2","1","3"
"2224","15_T","T","2b","2","1","3"
"2225","15_T","T","5u","2","1","3"
"2227","15_T","T","8b","2","1","3"
"2228","15_T","T","1u","2","1","3"
"2231","16_T","T","10b","2","1","3"
"2233","16_T","T","3u","1","2","3"
"2234","16_T","T","6b","1","2","3"
"2237","16_T","T","4u","1","2","3"
"2238","16_T","T","2u","1","2","3"
"2239","16_T","T","9b","1","2","3"
"2241","16_T","T","7b","1","2","3"
"2242","16_T","T","6u","1","2","3"
"2244","16_T","T","3b","1","2","3"
"2246","16_T","T","1b","1","2","3"
"2247","16_T","T","10u","1","2","3"
"2249","16_T","T","5b","1","2","3"
"2250","16_T","T","9u","1","2","3"
"2251","16_T","T","7u","1","2","3"
"2252","16_T","T","4b","1","2","3"
"2254","16_T","T","8u","1","2","3"
"2256","16_T","T","2b","1","2","3"
"2257","16_T","T","5u","1","2","3"
"2259","16_T","T","8b","1","2","3"
"2260","16_T","T","1u","1","2","3"
"2263","17_T","T","10b","1","3","2"
"2265","17_T","T","3u","1","2","3"
"2266","17_T","T","6b","1","2","3"
"2269","17_T","T","4u","1","2","3"
"2270","17_T","T","2u","3","1","2"
"2271","17_T","T","9b","1","2","3"
"2273","17_T","T","7b","1","2","3"
"2274","17_T","T","6u","2","1","3"
"2276","17_T","T","3b","2","3","1"
"2278","17_T","T","1b","1","2","3"
"2279","17_T","T","10u","1","2","3"
"2281","17_T","T","5b","3","2","1"
"2282","17_T","T","9u","1","2","3"
"2283","17_T","T","7u","3","1","2"
"2284","17_T","T","4b","3","2","1"
"2286","17_T","T","8u","2","1","3"
"2288","17_T","T","2b","3","1","2"
"2289","17_T","T","5u","3","1","2"
"2291","17_T","T","8b","1","2","3"
"2292","17_T","T","1u","1","2","3"
"2295","18_T","T","10b","2","1","3"
"2297","18_T","T","3u","2","1","3"
"2298","18_T","T","6b","2","1","3"
"2301","18_T","T","4u","2","1","3"
"2302","18_T","T","2u","2","1","3"
"2303","18_T","T","9b","2","1","3"
"2305","18_T","T","7b","2","1","3"
"2306","18_T","T","6u","2","1","3"
"2308","18_T","T","3b","2","1","3"
"2310","18_T","T","1b","2","1","3"
"2311","18_T","T","10u","2","1","3"
"2313","18_T","T","5b","2","1","3"
"2314","18_T","T","9u","2","1","3"
"2315","18_T","T","7u","2","1","3"
"2316","18_T","T","4b","2","1","3"
"2318","18_T","T","8u","2","1","3"
"2320","18_T","T","2b","2","1","3"
"2321","18_T","T","5u","2","1","3"
"2323","18_T","T","8b","2","1","3"
"2324","18_T","T","1u","2","1","3"
"2327","19_T","T","10b","2","1","3"
"2329","19_T","T","3u","2","1","3"
"2330","19_T","T","6b","2","1","3"
"2333","19_T","T","4u","1","2","3"
"2334","19_T","T","2u","1","3","2"
"2335","19_T","T","9b","2","1","3"
"2337","19_T","T","7b","1","2","3"
"2338","19_T","T","6u","1","2","3"
"2340","19_T","T","3b","1","2","3"
"2342","19_T","T","1b","2","1","3"
"2343","19_T","T","10u","2","1","3"
"2345","19_T","T","5b","2","1","3"
"2346","19_T","T","9u","2","1","3"
"2347","19_T","T","7u","2","1","3"
"2348","19_T","T","4b","1","2","3"
"2350","19_T","T","8u","2","1","3"
"2352","19_T","T","2b","1","2","3"
"2353","19_T","T","5u","2","1","3"
"2355","19_T","T","8b","1","2","3"
"2356","19_T","T","1u","1","3","2"
"2359","20_T","T","10b","3","2","1"
"2361","20_T","T","3u","2","1","3"
"2362","20_T","T","6b","3","1","2"
"2365","20_T","T","4u","1","3","2"
"2366","20_T","T","2u","3","1","2"
"2367","20_T","T","9b","2","1","3"
"2369","20_T","T","7b","3","1","2"
"2370","20_T","T","6u","1","3","2"
"2372","20_T","T","3b","3","1","2"
"2374","20_T","T","1b","3","1","2"
"2375","20_T","T","10u","2","3","1"
"2377","20_T","T","5b","2","3","1"
"2378","20_T","T","9u","1","2","3"
"2379","20_T","T","7u","3","2","1"
"2380","20_T","T","4b","3","1","2"
"2382","20_T","T","8u","3","2","1"
"2384","20_T","T","2b","3","1","2"
"2385","20_T","T","5u","3","2","1"
"2387","20_T","T","8b","3","1","2"
"2388","20_T","T","1u","3","2","1"
"2391","21_T","T","10b","3","2","1"
"2393","21_T","T","3u","2","1","3"
"2394","21_T","T","6b","1","2","3"
"2397","21_T","T","4u","1","2","3"
"2398","21_T","T","2u","1","2","3"
"2399","21_T","T","9b","1","3","2"
"2401","21_T","T","7b","3","1","2"
"2402","21_T","T","6u","1","2","3"
"2404","21_T","T","3b","1","2","3"
"2406","21_T","T","1b","1","2","3"
"2407","21_T","T","10u","1","2","3"
"2409","21_T","T","5b","2","1","3"
"2410","21_T","T","9u","2","1","3"
"2411","21_T","T","7u","1","2","3"
"2412","21_T","T","4b","2","1","3"
"2414","21_T","T","8u","1","3","2"
"2416","21_T","T","2b","3","1","2"
"2417","21_T","T","5u","1","2","3"
"2419","21_T","T","8b","1","2","3"
"2420","21_T","T","1u","3","1","2"
"2423","22_T","T","10b","2","1","3"
"2425","22_T","T","3u","2","1","3"
"2426","22_T","T","6b","2","1","3"
"2429","22_T","T","4u","2","1","3"
"2430","22_T","T","2u","2","1","3"
"2431","22_T","T","9b","3","1","2"
"2433","22_T","T","7b","2","1","3"
"2434","22_T","T","6u","2","1","3"
"2436","22_T","T","3b","2","1","3"
"2438","22_T","T","1b","3","1","2"
"2439","22_T","T","10u","3","1","2"
"2441","22_T","T","5b","3","1","2"
"2442","22_T","T","9u","3","1","2"
"2443","22_T","T","7u","3","1","2"
"2444","22_T","T","4b","3","1","2"
"2446","22_T","T","8u","3","1","2"
"2448","22_T","T","2b","3","1","2"
"2449","22_T","T","5u","3","1","2"
"2451","22_T","T","8b","3","1","2"
"2452","22_T","T","1u","3","1","2"
"2455","23_T","T","10b","2","1","3"
"2457","23_T","T","3u","1","2","3"
"2458","23_T","T","6b","2","1","3"
"2461","23_T","T","4u","1","2","3"
"2462","23_T","T","2u","2","1","3"
"2463","23_T","T","9b","3","1","2"
"2465","23_T","T","7b","2","1","3"
"2466","23_T","T","6u","3","1","2"
"2468","23_T","T","3b","2","1","3"
"2470","23_T","T","1b","2","1","3"
"2471","23_T","T","10u","2","1","3"
"2473","23_T","T","5b","2","1","3"
"2474","23_T","T","9u","2","1","3"
"2475","23_T","T","7u","2","1","3"
"2476","23_T","T","4b","3","1","2"
"2478","23_T","T","8u","2","1","3"
"2480","23_T","T","2b","3","1","2"
"2481","23_T","T","5u","3","1","2"
"2483","23_T","T","8b","2","1","3"
"2484","23_T","T","1u","2","1","3"
"2487","24_T","T","10b","2","1","3"
"2489","24_T","T","3u","2","1","3"
"2490","24_T","T","6b","2","1","3"
"2493","24_T","T","4u","2","1","3"
"2494","24_T","T","2u","2","1","3"
"2495","24_T","T","9b","2","1","3"
"2497","24_T","T","7b","2","1","3"
"2498","24_T","T","6u","2","1","3"
"2500","24_T","T","3b","2","1","3"
"2502","24_T","T","1b","2","1","3"
"2503","24_T","T","10u","2","1","3"
"2505","24_T","T","5b","2","1","3"
"2506","24_T","T","9u","1","2","3"
"2507","24_T","T","7u","2","1","3"
"2508","24_T","T","4b","2","1","3"
"2510","24_T","T","8u","2","1","3"
"2512","24_T","T","2b","2","1","3"
"2513","24_T","T","5u","2","1","3"
"2515","24_T","T","8b","2","1","3"
"2516","24_T","T","1u","2","1","3"
"2519","25_T","T","10b","3","1","2"
"2521","25_T","T","3u","3","1","2"
"2522","25_T","T","6b","3","1","2"
"2525","25_T","T","4u","3","1","2"
"2526","25_T","T","2u","3","1","2"
"2527","25_T","T","9b","3","1","2"
"2529","25_T","T","7b","3","1","2"
"2530","25_T","T","6u","3","1","2"
"2532","25_T","T","3b","3","1","2"
"2534","25_T","T","1b","3","1","2"
"2535","25_T","T","10u","3","1","2"
"2537","25_T","T","5b","3","1","2"
"2538","25_T","T","9u","3","1","2"
"2539","25_T","T","7u","3","1","2"
"2540","25_T","T","4b","3","1","2"
"2542","25_T","T","8u","3","1","2"
"2544","25_T","T","2b","3","1","2"
"2545","25_T","T","5u","3","1","2"
"2547","25_T","T","8b","2","1","3"
"2548","25_T","T","1u","2","1","3"
"2551","26_T","T","10b","1","2","3"
"2553","26_T","T","3u","1","2","3"
"2554","26_T","T","6b","1","2","3"
"2557","26_T","T","4u","1","2","3"
"2558","26_T","T","2u","1","2","3"
"2559","26_T","T","9b","1","2","3"
"2561","26_T","T","7b","1","2","3"
"2562","26_T","T","6u","1","2","3"
"2564","26_T","T","3b","1","2","3"
"2566","26_T","T","1b","1","2","3"
"2567","26_T","T","10u","1","2","3"
"2569","26_T","T","5b","1","2","3"
"2570","26_T","T","9u","1","2","3"
"2571","26_T","T","7u","1","2","3"
"2572","26_T","T","4b","1","2","3"
"2574","26_T","T","8u","1","2","3"
"2576","26_T","T","2b","1","2","3"
"2577","26_T","T","5u","1","2","3"
"2579","26_T","T","8b","1","2","3"
"2580","26_T","T","1u","1","2","3"
"2583","27_T","T","10b","2","1","3"
"2585","27_T","T","3u","2","1","3"
"2586","27_T","T","6b","2","1","3"
"2589","27_T","T","4u","2","1","3"
"2590","27_T","T","2u","2","1","3"
"2591","27_T","T","9b","2","1","3"
"2593","27_T","T","7b","2","1","3"
"2594","27_T","T","6u","2","1","3"
"2596","27_T","T","3b","2","1","3"
"2598","27_T","T","1b","2","1","3"
"2599","27_T","T","10u","2","1","3"
"2601","27_T","T","5b","2","1","3"
"2602","27_T","T","9u","2","1","3"
"2603","27_T","T","7u","2","1","3"
"2604","27_T","T","4b","2","1","3"
"2606","27_T","T","8u","2","1","3"
"2608","27_T","T","2b","2","1","3"
"2609","27_T","T","5u","2","1","3"
"2611","27_T","T","8b","2","1","3"
"2612","27_T","T","1u","2","1","3"
"2615","28_T","T","10b","1","2","3"
"2617","28_T","T","3u","1","2","3"
"2618","28_T","T","6b","1","2","3"
"2621","28_T","T","4u","1","2","3"
"2622","28_T","T","2u","1","2","3"
"2623","28_T","T","9b","1","2","3"
"2625","28_T","T","7b","1","2","3"
"2626","28_T","T","6u","1","2","3"
"2628","28_T","T","3b","1","2","3"
"2630","28_T","T","1b","1","2","3"
"2631","28_T","T","10u","1","2","3"
"2633","28_T","T","5b","1","2","3"
"2634","28_T","T","9u","1","2","3"
"2635","28_T","T","7u","1","2","3"
"2636","28_T","T","4b","2","1","3"
"2638","28_T","T","8u","1","2","3"
"2640","28_T","T","2b","1","2","3"
"2641","28_T","T","5u","1","2","3"
"2643","28_T","T","8b","1","2","3"
"2644","28_T","T","1u","1","2","3"
"2647","29_T","T","10b","2","1","3"
"2649","29_T","T","3u","3","1","2"
"2650","29_T","T","6b","1","2","3"
"2653","29_T","T","4u","2","1","3"
"2654","29_T","T","2u","2","1","3"
"2655","29_T","T","9b","2","1","3"
"2657","29_T","T","7b","3","1","2"
"2658","29_T","T","6u","2","1","3"
"2660","29_T","T","3b","2","1","3"
"2662","29_T","T","1b","2","1","3"
"2663","29_T","T","10u","2","1","3"
"2665","29_T","T","5b","3","1","2"
"2666","29_T","T","9u","2","1","3"
"2667","29_T","T","7u","2","1","3"
"2668","29_T","T","4b","3","1","2"
"2670","29_T","T","8u","3","1","2"
"2672","29_T","T","2b","2","1","3"
"2673","29_T","T","5u","2","1","3"
"2675","29_T","T","8b","2","1","3"
"2676","29_T","T","1u","3","1","2"
"2679","30_T","T","10b","2","1","3"
"2681","30_T","T","3u","2","1","3"
"2682","30_T","T","6b","2","1","3"
"2685","30_T","T","4u","2","1","3"
"2686","30_T","T","2u","2","1","3"
"2687","30_T","T","9b","2","1","3"
"2689","30_T","T","7b","2","1","3"
"2690","30_T","T","6u","2","1","3"
"2692","30_T","T","3b","2","1","3"
"2694","30_T","T","1b","2","1","3"
"2695","30_T","T","10u","2","1","3"
"2697","30_T","T","5b","2","1","3"
"2698","30_T","T","9u","2","1","3"
"2699","30_T","T","7u","2","1","3"
"2700","30_T","T","4b","2","1","3"
"2702","30_T","T","8u","2","1","3"
"2704","30_T","T","2b","2","1","3"
"2705","30_T","T","5u","2","1","3"
"2707","30_T","T","8b","2","1","3"
"2708","30_T","T","1u","2","1","3"
