"","participant","language","item","verbal_framesetter","verbal_topic","verbal_Verb"
"1","1_D","D","10b",1,3,2
"2","1_D","D","3u",3,1,2
"3","1_D","D","6b",1,3,2
"4","1_D","D","4u",1,3,2
"5","1_D","D","2u",1,3,2
"6","1_D","D","9b",1,3,2
"7","1_D","D","7b",1,3,2
"8","1_D","D","6u",1,3,2
"10","1_D","D","1b",1,3,2
"11","1_D","D","10u",1,3,2
"12","1_D","D","5b",1,3,2
"13","1_D","D","9u",1,3,2
"14","1_D","D","7u",1,3,2
"15","1_D","D","4b",1,3,2
"16","1_D","D","8u",1,3,2
"17","1_D","D","2b",1,3,2
"18","1_D","D","5u",1,3,2
"19","1_D","D","8b",1,3,2
"20","1_D","D","1u",1,3,2
"21","2_D","D","10b",NA,NA,NA
"22","2_D","D","3u",NA,NA,NA
"23","2_D","D","6b",NA,NA,NA
"24","2_D","D","4u",NA,NA,NA
"25","2_D","D","2u",NA,NA,NA
"26","2_D","D","9b",NA,NA,NA
"27","2_D","D","7b",NA,NA,NA
"28","2_D","D","6u",NA,NA,NA
"29","2_D","D","3b",NA,NA,NA
"30","2_D","D","1b",NA,NA,NA
"31","2_D","D","10u",NA,NA,NA
"32","2_D","D","5b",NA,NA,NA
"33","2_D","D","9u",NA,NA,NA
"34","2_D","D","7u",NA,NA,NA
"35","2_D","D","4b",NA,NA,NA
"36","2_D","D","8u",NA,NA,NA
"37","2_D","D","2b",NA,NA,NA
"38","2_D","D","5u",NA,NA,NA
"39","2_D","D","8b",NA,NA,NA
"40","2_D","D","1u",NA,NA,NA
"41","3_D","D","10b",3,1,2
"42","3_D","D","3u",3,1,2
"43","3_D","D","6b",3,1,2
"44","3_D","D","4u",3,1,2
"45","3_D","D","2u",3,1,2
"46","3_D","D","9b",3,1,2
"47","3_D","D","7b",3,1,2
"48","3_D","D","6u",3,1,2
"49","3_D","D","3b",3,1,2
"50","3_D","D","1b",3,1,2
"51","3_D","D","10u",3,1,2
"52","3_D","D","5b",3,1,2
"54","3_D","D","7u",3,1,2
"55","3_D","D","4b",3,1,2
"56","3_D","D","8u",3,1,2
"57","3_D","D","2b",3,1,2
"58","3_D","D","5u",3,1,2
"59","3_D","D","8b",3,1,2
"60","3_D","D","1u",3,1,2
"61","4_D","D","10b",3,1,2
"62","4_D","D","3u",3,1,2
"63","4_D","D","6b",3,1,2
"64","4_D","D","4u",1,3,2
"65","4_D","D","2u",3,1,2
"66","4_D","D","9b",3,1,2
"67","4_D","D","7b",3,1,2
"68","4_D","D","6u",1,3,2
"69","4_D","D","3b",3,1,2
"70","4_D","D","1b",NA,1,2
"71","4_D","D","10u",1,3,2
"72","4_D","D","5b",3,1,2
"73","4_D","D","9u",1,3,2
"74","4_D","D","7u",1,3,2
"75","4_D","D","4b",NA,1,2
"76","4_D","D","8u",1,3,2
"77","4_D","D","2b",1,3,2
"78","4_D","D","5u",3,1,2
"79","4_D","D","8b",1,3,2
"80","4_D","D","1u",1,3,2
"81","5_D","D","10b",1,3,2
"82","5_D","D","3u",1,3,2
"83","5_D","D","6b",1,3,2
"84","5_D","D","4u",1,3,2
"85","5_D","D","2u",1,3,2
"86","5_D","D","9b",1,3,2
"87","5_D","D","7b",1,3,2
"88","5_D","D","6u",1,3,2
"91","5_D","D","10u",1,3,2
"92","5_D","D","5b",1,3,2
"93","5_D","D","9u",1,3,2
"95","5_D","D","4b",1,3,2
"96","5_D","D","8u",1,3,2
"97","5_D","D","2b",1,3,2
"99","5_D","D","8b",1,3,2
"100","5_D","D","1u",1,3,2
"101","6_D","D","10b",3,1,2
"102","6_D","D","3u",3,1,2
"103","6_D","D","6b",3,1,2
"104","6_D","D","4u",3,1,2
"105","6_D","D","2u",3,1,2
"106","6_D","D","9b",3,1,2
"107","6_D","D","7b",3,1,2
"108","6_D","D","6u",3,1,2
"109","6_D","D","3b",3,1,2
"110","6_D","D","1b",3,1,2
"111","6_D","D","10u",3,1,2
"112","6_D","D","5b",3,1,2
"113","6_D","D","9u",3,1,2
"114","6_D","D","7u",3,1,2
"116","6_D","D","8u",3,1,2
"117","6_D","D","2b",3,1,2
"118","6_D","D","5u",3,1,2
"119","6_D","D","8b",3,1,2
"120","6_D","D","1u",3,1,2
"121","7_D","D","10b",3,1,2
"122","7_D","D","3u",3,1,2
"123","7_D","D","6b",3,1,2
"124","7_D","D","4u",1,3,2
"125","7_D","D","2u",3,1,2
"126","7_D","D","9b",1,3,2
"127","7_D","D","7b",3,1,2
"128","7_D","D","6u",3,1,2
"129","7_D","D","3b",3,1,2
"130","7_D","D","1b",3,1,2
"131","7_D","D","10u",3,1,2
"132","7_D","D","5b",3,1,2
"133","7_D","D","9u",3,1,2
"134","7_D","D","7u",3,1,2
"135","7_D","D","4b",3,1,2
"136","7_D","D","8u",3,1,2
"137","7_D","D","2b",3,1,2
"138","7_D","D","5u",3,1,2
"139","7_D","D","8b",3,1,2
"140","7_D","D","1u",3,1,2
"141","8_D","D","10b",1,3,2
"142","8_D","D","3u",1,3,2
"143","8_D","D","6b",1,3,2
"144","8_D","D","4u",1,3,2
"145","8_D","D","2u",1,3,2
"146","8_D","D","9b",1,3,2
"147","8_D","D","7b",1,3,2
"148","8_D","D","6u",1,3,2
"151","8_D","D","10u",1,3,2
"152","8_D","D","5b",1,3,2
"153","8_D","D","9u",1,3,2
"155","8_D","D","4b",1,3,2
"156","8_D","D","8u",1,3,2
"157","8_D","D","2b",1,3,2
"159","8_D","D","8b",1,3,2
"160","8_D","D","1u",1,3,2
"161","9_D","D","10b",1,3,2
"162","9_D","D","3u",1,3,2
"163","9_D","D","6b",1,3,2
"164","9_D","D","4u",1,3,2
"165","9_D","D","2u",1,3,2
"166","9_D","D","9b",1,3,2
"167","9_D","D","7b",1,3,2
"168","9_D","D","6u",1,3,2
"169","9_D","D","3b",1,3,2
"170","9_D","D","1b",3,1,2
"171","9_D","D","10u",3,1,2
"172","9_D","D","5b",3,1,2
"173","9_D","D","9u",1,3,2
"174","9_D","D","7u",1,3,2
"176","9_D","D","8u",1,3,2
"177","9_D","D","2b",1,3,2
"178","9_D","D","5u",1,3,2
"179","9_D","D","8b",1,3,2
"180","9_D","D","1u",1,3,2
"181","10_D","D","10b",3,1,2
"182","10_D","D","3u",3,1,2
"183","10_D","D","6b",3,1,2
"184","10_D","D","4u",3,1,2
"185","10_D","D","2u",3,1,2
"186","10_D","D","9b",3,1,2
"187","10_D","D","7b",3,1,2
"188","10_D","D","6u",3,1,2
"189","10_D","D","3b",3,1,2
"190","10_D","D","1b",3,1,2
"191","10_D","D","10u",3,1,2
"192","10_D","D","5b",3,1,2
"193","10_D","D","9u",3,1,2
"194","10_D","D","7u",3,1,2
"195","10_D","D","4b",3,1,2
"196","10_D","D","8u",3,1,2
"197","10_D","D","2b",3,1,2
"198","10_D","D","5u",3,1,2
"199","10_D","D","8b",3,1,2
"200","10_D","D","1u",3,1,2
"201","11_D","D","10b",1,3,2
"202","11_D","D","3u",1,3,2
"203","11_D","D","6b",1,3,2
"204","11_D","D","4u",1,3,2
"205","11_D","D","2u",1,3,2
"206","11_D","D","9b",1,3,2
"207","11_D","D","7b",1,3,2
"208","11_D","D","6u",1,3,2
"209","11_D","D","3b",1,3,2
"210","11_D","D","1b",1,3,2
"211","11_D","D","10u",1,3,2
"212","11_D","D","5b",1,3,2
"214","11_D","D","7u",1,3,2
"215","11_D","D","4b",1,3,2
"216","11_D","D","8u",1,3,2
"217","11_D","D","2b",1,3,2
"218","11_D","D","5u",1,3,2
"219","11_D","D","8b",1,3,2
"220","11_D","D","1u",1,3,2
"221","12_D","D","10b",1,3,2
"222","12_D","D","3u",1,3,2
"223","12_D","D","6b",3,1,2
"224","12_D","D","4u",1,3,2
"225","12_D","D","2u",1,3,2
"226","12_D","D","9b",1,3,2
"227","12_D","D","7b",1,3,2
"228","12_D","D","6u",NA,1,2
"229","12_D","D","3b",1,3,2
"230","12_D","D","1b",NA,1,2
"231","12_D","D","10u",1,3,2
"232","12_D","D","5b",NA,1,2
"233","12_D","D","9u",1,3,2
"234","12_D","D","7u",1,3,2
"235","12_D","D","4b",1,3,2
"236","12_D","D","8u",NA,1,2
"237","12_D","D","2b",1,3,2
"238","12_D","D","5u",NA,1,2
"239","12_D","D","8b",1,3,2
"240","12_D","D","1u",NA,1,2
"241","13_D","D","10b",3,1,2
"242","13_D","D","3u",3,1,2
"243","13_D","D","6b",3,1,2
"244","13_D","D","4u",3,1,2
"245","13_D","D","2u",3,1,2
"246","13_D","D","9b",3,1,2
"247","13_D","D","7b",3,1,2
"248","13_D","D","6u",3,1,2
"249","13_D","D","3b",3,1,2
"250","13_D","D","1b",3,1,2
"251","13_D","D","10u",3,1,2
"252","13_D","D","5b",3,1,2
"253","13_D","D","9u",3,1,2
"254","13_D","D","7u",3,1,2
"255","13_D","D","4b",3,1,2
"256","13_D","D","8u",3,1,2
"257","13_D","D","2b",3,1,2
"258","13_D","D","5u",3,1,2
"259","13_D","D","8b",3,1,2
"260","13_D","D","1u",3,1,2
"261","15_D","D","10b",3,1,2
"262","15_D","D","3u",3,1,2
"263","15_D","D","6b",3,1,2
"264","15_D","D","4u",3,1,2
"265","15_D","D","2u",3,1,2
"266","15_D","D","9b",3,1,2
"267","15_D","D","7b",3,1,2
"268","15_D","D","6u",1,3,2
"269","15_D","D","3b",3,1,2
"270","15_D","D","1b",3,1,2
"271","15_D","D","10u",3,1,2
"272","15_D","D","5b",3,1,2
"273","15_D","D","9u",1,3,2
"274","15_D","D","7u",3,1,2
"275","15_D","D","4b",1,3,2
"276","15_D","D","8u",1,3,2
"277","15_D","D","2b",1,3,2
"278","15_D","D","5u",1,3,2
"279","15_D","D","8b",1,3,2
"281","16_D","D","10b",1,3,2
"282","16_D","D","3u",1,3,2
"283","16_D","D","6b",1,3,2
"284","16_D","D","4u",1,3,2
"285","16_D","D","2u",1,3,2
"286","16_D","D","9b",1,3,2
"287","16_D","D","7b",1,3,2
"288","16_D","D","6u",1,3,2
"289","16_D","D","3b",1,3,2
"290","16_D","D","1b",1,3,2
"291","16_D","D","10u",1,3,2
"292","16_D","D","5b",1,3,2
"293","16_D","D","9u",1,3,2
"294","16_D","D","7u",1,3,2
"295","16_D","D","4b",1,3,2
"296","16_D","D","8u",1,3,2
"297","16_D","D","2b",1,3,2
"298","16_D","D","5u",1,3,2
"299","16_D","D","8b",1,3,2
"300","16_D","D","1u",1,3,2
"301","17_D","D","10b",3,1,2
"302","17_D","D","3u",3,1,2
"303","17_D","D","6b",3,1,2
"304","17_D","D","4u",3,1,2
"305","17_D","D","2u",3,1,2
"306","17_D","D","9b",3,1,2
"307","17_D","D","7b",3,1,2
"308","17_D","D","6u",3,1,2
"309","17_D","D","3b",3,1,2
"310","17_D","D","1b",3,1,2
"311","17_D","D","10u",3,1,2
"312","17_D","D","5b",3,1,2
"313","17_D","D","9u",3,1,2
"314","17_D","D","7u",3,1,2
"315","17_D","D","4b",3,1,2
"316","17_D","D","8u",3,1,2
"318","17_D","D","5u",3,1,2
"319","17_D","D","8b",3,1,2
"320","17_D","D","1u",3,1,2
"321","18_D","D","10b",1,3,2
"322","18_D","D","3u",1,3,2
"323","18_D","D","6b",1,3,2
"324","18_D","D","4u",1,3,2
"325","18_D","D","2u",1,3,2
"326","18_D","D","9b",1,3,2
"327","18_D","D","7b",1,3,2
"328","18_D","D","6u",1,3,2
"329","18_D","D","3b",1,3,2
"330","18_D","D","1b",1,3,2
"331","18_D","D","10u",1,3,2
"332","18_D","D","5b",1,3,2
"333","18_D","D","9u",1,3,2
"334","18_D","D","7u",1,3,2
"335","18_D","D","4b",1,3,2
"336","18_D","D","8u",1,3,2
"337","18_D","D","2b",1,3,2
"338","18_D","D","5u",1,3,2
"339","18_D","D","8b",1,3,2
"340","18_D","D","1u",1,3,2
"341","19_D","D","10b",1,3,2
"342","19_D","D","3u",1,3,2
"343","19_D","D","6b",1,3,2
"344","19_D","D","4u",1,3,2
"345","19_D","D","2u",1,3,2
"346","19_D","D","9b",1,3,2
"347","19_D","D","7b",1,3,2
"348","19_D","D","6u",1,3,2
"349","19_D","D","3b",1,3,2
"350","19_D","D","1b",1,3,2
"351","19_D","D","10u",1,3,2
"352","19_D","D","5b",1,3,2
"353","19_D","D","9u",1,3,2
"354","19_D","D","7u",1,3,2
"355","19_D","D","4b",1,3,2
"356","19_D","D","8u",1,3,2
"357","19_D","D","2b",1,3,2
"358","19_D","D","5u",1,3,2
"359","19_D","D","8b",1,3,2
"360","19_D","D","1u",1,3,2
"361","20_D","D","10b",1,3,2
"362","20_D","D","3u",1,3,2
"363","20_D","D","6b",1,3,2
"364","20_D","D","4u",1,3,2
"365","20_D","D","2u",1,3,2
"366","20_D","D","9b",1,3,2
"367","20_D","D","7b",1,3,2
"368","20_D","D","6u",1,3,2
"369","20_D","D","3b",1,3,2
"370","20_D","D","1b",1,3,2
"371","20_D","D","10u",1,3,2
"372","20_D","D","5b",1,3,2
"373","20_D","D","9u",1,3,2
"374","20_D","D","7u",1,3,2
"375","20_D","D","4b",1,3,2
"376","20_D","D","8u",1,3,2
"377","20_D","D","2b",1,3,2
"378","20_D","D","5u",1,3,2
"379","20_D","D","8b",1,3,2
"380","20_D","D","1u",1,3,2
"381","21_D","D","10b",1,3,2
"382","21_D","D","3u",1,3,2
"383","21_D","D","6b",1,3,2
"384","21_D","D","4u",3,1,2
"385","21_D","D","2u",1,3,2
"386","21_D","D","9b",1,3,2
"387","21_D","D","7b",1,3,2
"388","21_D","D","6u",3,1,2
"389","21_D","D","3b",3,1,2
"390","21_D","D","1b",3,1,2
"391","21_D","D","10u",3,1,2
"393","21_D","D","9u",3,1,2
"394","21_D","D","7u",3,1,2
"395","21_D","D","4b",3,1,2
"396","21_D","D","8u",3,1,2
"397","21_D","D","2b",3,1,2
"398","21_D","D","5u",3,1,2
"399","21_D","D","8b",3,1,2
"400","21_D","D","1u",3,1,2
"401","22_D","D","10b",3,1,2
"402","22_D","D","3u",3,1,2
"403","22_D","D","6b",3,1,2
"404","22_D","D","4u",3,1,2
"405","22_D","D","2u",3,1,2
"406","22_D","D","9b",3,1,2
"407","22_D","D","7b",3,1,2
"408","22_D","D","6u",3,1,2
"409","22_D","D","3b",3,1,2
"410","22_D","D","1b",3,1,2
"411","22_D","D","10u",3,1,2
"412","22_D","D","5b",3,1,2
"413","22_D","D","9u",3,1,2
"414","22_D","D","7u",3,1,2
"415","22_D","D","4b",3,1,2
"416","22_D","D","8u",3,1,2
"417","22_D","D","2b",3,1,2
"418","22_D","D","5u",3,1,2
"419","22_D","D","8b",3,1,2
"420","22_D","D","1u",1,3,2
"421","23_D","D","10b",3,1,2
"422","23_D","D","3u",3,1,2
"423","23_D","D","6b",1,3,2
"424","23_D","D","4u",3,1,2
"425","23_D","D","2u",1,3,2
"426","23_D","D","9b",1,3,2
"427","23_D","D","7b",3,1,2
"428","23_D","D","6u",3,1,2
"429","23_D","D","3b",3,1,2
"430","23_D","D","1b",3,1,2
"431","23_D","D","10u",3,1,2
"432","23_D","D","5b",3,1,2
"433","23_D","D","9u",1,3,2
"434","23_D","D","7u",3,1,2
"435","23_D","D","4b",1,3,2
"436","23_D","D","8u",1,3,2
"437","23_D","D","2b",1,3,2
"438","23_D","D","5u",1,3,2
"439","23_D","D","8b",1,3,2
"440","23_D","D","1u",1,3,2
"441","24_D","D","10b",3,1,2
"442","24_D","D","3u",3,1,2
"443","24_D","D","6b",3,1,2
"444","24_D","D","4u",3,1,2
"445","24_D","D","2u",3,1,2
"446","24_D","D","9b",3,1,2
"447","24_D","D","7b",3,1,2
"448","24_D","D","6u",3,1,2
"449","24_D","D","3b",3,1,2
"450","24_D","D","1b",3,1,2
"451","24_D","D","10u",3,1,2
"452","24_D","D","5b",3,1,2
"453","24_D","D","9u",3,1,2
"454","24_D","D","7u",3,1,2
"455","24_D","D","4b",3,1,2
"456","24_D","D","8u",3,1,2
"457","24_D","D","2b",3,1,2
"458","24_D","D","5u",3,1,2
"459","24_D","D","8b",3,1,2
"460","24_D","D","1u",3,1,2
"461","25_D","D","10b",3,1,2
"462","25_D","D","3u",3,1,2
"463","25_D","D","6b",3,1,2
"464","25_D","D","4u",3,1,2
"465","25_D","D","2u",3,1,2
"466","25_D","D","9b",3,1,2
"467","25_D","D","7b",3,1,2
"468","25_D","D","6u",3,1,2
"470","25_D","D","1b",1,3,2
"471","25_D","D","10u",3,1,2
"472","25_D","D","5b",1,3,2
"473","25_D","D","9u",1,3,2
"474","25_D","D","7u",1,3,2
"475","25_D","D","4b",1,3,2
"476","25_D","D","8u",1,3,2
"477","25_D","D","2b",1,3,2
"478","25_D","D","5u",1,3,2
"479","25_D","D","8b",1,3,2
"480","25_D","D","1u",1,3,2
"481","26_D","D","10b",1,3,2
"482","26_D","D","3u",1,3,2
"483","26_D","D","6b",1,3,2
"484","26_D","D","4u",1,3,2
"485","26_D","D","2u",1,3,2
"486","26_D","D","9b",1,3,2
"487","26_D","D","7b",1,3,2
"488","26_D","D","6u",1,3,2
"489","26_D","D","3b",1,3,2
"490","26_D","D","1b",1,3,2
"491","26_D","D","10u",3,1,2
"492","26_D","D","5b",1,3,2
"493","26_D","D","9u",1,3,2
"494","26_D","D","7u",1,3,2
"495","26_D","D","4b",1,3,2
"496","26_D","D","8u",3,1,2
"497","26_D","D","2b",3,1,2
"498","26_D","D","5u",1,3,2
"499","26_D","D","8b",3,1,2
"500","26_D","D","1u",3,1,2
"501","27_D","D","10b",1,3,2
"502","27_D","D","3u",1,3,2
"503","27_D","D","6b",1,3,2
"504","27_D","D","4u",1,3,2
"505","27_D","D","2u",1,3,2
"506","27_D","D","9b",1,3,2
"507","27_D","D","7b",1,3,2
"508","27_D","D","6u",1,3,2
"509","27_D","D","3b",1,3,2
"510","27_D","D","1b",1,3,2
"511","27_D","D","10u",1,3,2
"512","27_D","D","5b",1,3,2
"513","27_D","D","9u",1,3,2
"514","27_D","D","7u",1,3,2
"515","27_D","D","4b",1,3,2
"516","27_D","D","8u",1,3,2
"517","27_D","D","2b",1,3,2
"518","27_D","D","5u",1,3,2
"519","27_D","D","8b",1,3,2
"520","27_D","D","1u",1,3,2
"521","28_D","D","10b",3,1,2
"522","28_D","D","3u",1,3,2
"523","28_D","D","6b",3,1,2
"524","28_D","D","4u",3,1,2
"525","28_D","D","2u",1,3,2
"526","28_D","D","9b",3,1,2
"527","28_D","D","7b",3,1,2
"528","28_D","D","6u",3,1,2
"529","28_D","D","3b",3,1,2
"530","28_D","D","1b",3,1,2
"531","28_D","D","10u",3,1,2
"532","28_D","D","5b",3,1,2
"533","28_D","D","9u",3,1,2
"534","28_D","D","7u",3,1,2
"535","28_D","D","4b",3,1,2
"536","28_D","D","8u",3,1,2
"537","28_D","D","2b",3,1,2
"538","28_D","D","5u",3,1,2
"539","28_D","D","8b",3,1,2
"540","28_D","D","1u",3,1,2
"541","29_D","D","10b",1,3,2
"542","29_D","D","3u",1,3,2
"543","29_D","D","6b",1,3,2
"544","29_D","D","4u",1,3,2
"545","29_D","D","2u",1,3,2
"546","29_D","D","9b",1,3,2
"547","29_D","D","7b",3,1,2
"548","29_D","D","6u",1,3,2
"549","29_D","D","3b",1,3,2
"550","29_D","D","1b",3,1,2
"551","29_D","D","10u",1,3,2
"552","29_D","D","5b",1,3,2
"553","29_D","D","9u",1,3,2
"554","29_D","D","7u",3,1,2
"555","29_D","D","4b",3,1,2
"556","29_D","D","8u",1,3,2
"557","29_D","D","2b",1,3,2
"558","29_D","D","5u",1,3,2
"559","29_D","D","8b",1,3,2
"560","29_D","D","1u",1,3,2
"561","30_D","D","10b",3,1,2
"562","30_D","D","3u",3,1,2
"563","30_D","D","6b",3,1,2
"564","30_D","D","4u",3,1,2
"565","30_D","D","2u",3,1,2
"566","30_D","D","9b",3,1,2
"567","30_D","D","7b",3,1,2
"568","30_D","D","6u",3,1,2
"569","30_D","D","3b",3,1,2
"570","30_D","D","1b",3,1,2
"571","30_D","D","10u",3,1,2
"572","30_D","D","5b",3,1,2
"573","30_D","D","9u",3,1,2
"574","30_D","D","7u",1,3,2
"575","30_D","D","4b",1,3,2
"576","30_D","D","8u",3,1,2
"577","30_D","D","2b",3,1,2
"578","30_D","D","5u",3,1,2
"579","30_D","D","8b",3,1,2
"580","30_D","D","1u",3,1,2
"582","31_D","D","3u",1,3,2
"583","31_D","D","6b",1,3,2
"584","31_D","D","4u",1,3,2
"585","31_D","D","2u",1,3,2
"586","31_D","D","9b",1,3,2
"587","31_D","D","7b",1,3,2
"588","31_D","D","6u",3,1,2
"589","31_D","D","3b",1,3,2
"590","31_D","D","1b",3,1,2
"591","31_D","D","10u",1,3,2
"592","31_D","D","5b",3,1,2
"594","31_D","D","7u",3,1,2
"595","31_D","D","4b",3,1,2
"596","31_D","D","8u",3,1,2
"597","31_D","D","2b",3,1,2
"598","31_D","D","5u",3,1,2
"599","31_D","D","8b",3,1,2
"600","31_D","D","1u",3,1,2
"601","33_D","D","10b",3,1,2
"602","33_D","D","3u",3,1,2
"603","33_D","D","6b",3,1,2
"604","33_D","D","4u",3,1,2
"605","33_D","D","2u",3,1,2
"606","33_D","D","9b",3,1,2
"607","33_D","D","7b",3,1,2
"608","33_D","D","6u",3,1,2
"609","33_D","D","3b",3,1,2
"610","33_D","D","1b",3,1,2
"611","33_D","D","10u",3,1,2
"612","33_D","D","5b",3,1,2
"613","33_D","D","9u",3,1,2
"614","33_D","D","7u",3,1,2
"615","33_D","D","4b",3,1,2
"616","33_D","D","8u",3,1,2
"617","33_D","D","2b",3,1,2
"618","33_D","D","5u",3,1,2
"619","33_D","D","8b",3,1,2
"620","33_D","D","1u",1,3,2
"621","34_D","D","10b",3,1,2
"622","34_D","D","3u",3,1,2
"623","34_D","D","6b",3,1,2
"624","34_D","D","4u",3,1,2
"625","34_D","D","2u",3,1,2
"626","34_D","D","9b",3,1,2
"627","34_D","D","7b",3,1,2
"628","34_D","D","6u",3,1,2
"629","34_D","D","3b",3,1,2
"630","34_D","D","1b",3,1,2
"631","34_D","D","10u",3,1,2
"632","34_D","D","5b",3,1,2
"633","34_D","D","9u",3,1,2
"634","34_D","D","7u",3,1,2
"635","34_D","D","4b",3,1,2
"637","34_D","D","2b",3,1,2
"638","34_D","D","5u",3,1,2
"639","34_D","D","8b",3,1,2
"640","34_D","D","1u",3,1,2
"641","35_D","D","10b",3,1,2
"642","35_D","D","3u",3,1,2
"643","35_D","D","6b",3,1,2
"644","35_D","D","4u",3,1,2
"645","35_D","D","2u",3,1,2
"646","35_D","D","9b",3,1,2
"647","35_D","D","7b",3,1,2
"648","35_D","D","6u",3,1,2
"649","35_D","D","3b",3,1,2
"650","35_D","D","1b",3,1,2
"651","35_D","D","10u",3,1,2
"652","35_D","D","5b",3,1,2
"653","35_D","D","9u",3,1,2
"654","35_D","D","7u",3,1,2
"655","35_D","D","4b",3,1,2
"656","35_D","D","8u",3,1,2
"657","35_D","D","2b",3,1,2
"658","35_D","D","5u",3,1,2
"659","35_D","D","8b",3,1,2
"660","35_D","D","1u",3,1,2
"663","1_E","E","10b",1,2,3
"665","1_E","E","3u",1,2,3
"666","1_E","E","6b",1,2,3
"669","1_E","E","4u",1,2,3
"670","1_E","E","2u",3,1,2
"671","1_E","E","9b",1,2,3
"673","1_E","E","7b",1,2,3
"674","1_E","E","6u",1,2,3
"676","1_E","E","3b",1,2,3
"678","1_E","E","1b",1,2,3
"679","1_E","E","10u",1,2,3
"681","1_E","E","5b",1,2,3
"682","1_E","E","9u",1,2,3
"683","1_E","E","7u",1,2,3
"684","1_E","E","4b",1,2,3
"686","1_E","E","8u",1,2,3
"688","1_E","E","2b",1,2,3
"689","1_E","E","5u",1,2,3
"691","1_E","E","8b",1,2,3
"692","1_E","E","1u",1,2,3
"695","2_E","E","10b",3,1,2
"697","2_E","E","3u",3,1,2
"698","2_E","E","6b",3,1,2
"701","2_E","E","4u",3,1,2
"702","2_E","E","2u",3,1,2
"703","2_E","E","9b",3,1,2
"706","2_E","E","6u",3,1,2
"708","2_E","E","3b",3,1,2
"710","2_E","E","1b",3,1,2
"711","2_E","E","10u",3,1,2
"713","2_E","E","5b",3,1,2
"714","2_E","E","9u",3,1,2
"715","2_E","E","7u",3,1,2
"716","2_E","E","4b",3,1,2
"718","2_E","E","8u",3,1,2
"720","2_E","E","2b",3,1,2
"721","2_E","E","5u",3,1,2
"723","2_E","E","8b",3,1,2
"724","2_E","E","1u",3,1,2
"727","3_E","E","10b",3,1,2
"729","3_E","E","3u",3,1,2
"730","3_E","E","6b",3,1,2
"733","3_E","E","4u",3,1,2
"734","3_E","E","2u",3,1,2
"735","3_E","E","9b",3,1,2
"737","3_E","E","7b",3,1,2
"738","3_E","E","6u",3,1,2
"740","3_E","E","3b",3,1,2
"742","3_E","E","1b",3,1,2
"743","3_E","E","10u",3,1,2
"745","3_E","E","5b",3,1,2
"746","3_E","E","9u",3,1,2
"747","3_E","E","7u",3,1,2
"748","3_E","E","4b",3,1,2
"750","3_E","E","8u",3,1,2
"752","3_E","E","2b",3,1,2
"753","3_E","E","5u",3,1,2
"755","3_E","E","8b",3,1,2
"756","3_E","E","1u",3,1,2
"759","4_E","E","10b",1,2,3
"761","4_E","E","3u",1,2,3
"762","4_E","E","6b",1,2,3
"766","4_E","E","2u",1,2,3
"767","4_E","E","9b",1,2,3
"770","4_E","E","6u",1,2,3
"774","4_E","E","1b",1,2,3
"775","4_E","E","10u",1,2,3
"777","4_E","E","5b",1,2,3
"779","4_E","E","7u",1,2,3
"784","4_E","E","2b",1,2,3
"785","4_E","E","5u",1,2,3
"787","4_E","E","8b",1,2,3
"788","4_E","E","1u",1,2,3
"791","5_E","E","10b",3,1,2
"793","5_E","E","3u",3,1,2
"794","5_E","E","6b",3,1,2
"797","5_E","E","4u",3,1,2
"798","5_E","E","2u",3,1,2
"801","5_E","E","7b",3,1,2
"802","5_E","E","6u",3,1,2
"804","5_E","E","3b",3,1,2
"806","5_E","E","1b",3,1,2
"807","5_E","E","10u",3,1,2
"809","5_E","E","5b",3,1,2
"810","5_E","E","9u",3,1,2
"811","5_E","E","7u",3,1,2
"812","5_E","E","4b",3,1,2
"814","5_E","E","8u",3,1,2
"816","5_E","E","2b",3,1,2
"817","5_E","E","5u",3,1,2
"819","5_E","E","8b",3,1,2
"820","5_E","E","1u",3,1,2
"823","6_E","E","10b",3,1,2
"825","6_E","E","3u",3,1,2
"830","6_E","E","2u",3,1,2
"831","6_E","E","9b",3,1,2
"834","6_E","E","6u",3,1,2
"836","6_E","E","3b",1,2,3
"838","6_E","E","1b",3,1,2
"839","6_E","E","10u",3,1,2
"841","6_E","E","5b",3,1,2
"842","6_E","E","9u",3,1,2
"843","6_E","E","7u",3,1,2
"844","6_E","E","4b",3,1,2
"846","6_E","E","8u",3,1,2
"848","6_E","E","2b",3,1,2
"849","6_E","E","5u",3,1,2
"851","6_E","E","8b",3,1,2
"852","6_E","E","1u",3,1,2
"855","7_E","E","10b",3,1,2
"857","7_E","E","3u",3,1,2
"858","7_E","E","6b",3,1,2
"861","7_E","E","4u",3,1,2
"862","7_E","E","2u",3,1,2
"863","7_E","E","9b",3,1,2
"865","7_E","E","7b",3,1,2
"866","7_E","E","6u",3,1,2
"868","7_E","E","3b",3,1,2
"870","7_E","E","1b",3,1,2
"871","7_E","E","10u",3,1,2
"873","7_E","E","5b",3,1,2
"874","7_E","E","9u",3,1,2
"875","7_E","E","7u",3,1,2
"878","7_E","E","8u",3,1,2
"880","7_E","E","2b",3,1,2
"881","7_E","E","5u",3,1,2
"883","7_E","E","8b",3,1,2
"884","7_E","E","1u",3,1,2
"887","8_E","E","10b",3,1,2
"889","8_E","E","3u",3,1,2
"890","8_E","E","6b",3,1,2
"893","8_E","E","4u",3,1,2
"894","8_E","E","2u",3,1,2
"895","8_E","E","9b",3,1,2
"897","8_E","E","7b",3,1,2
"898","8_E","E","6u",3,1,2
"900","8_E","E","3b",3,1,2
"902","8_E","E","1b",3,1,2
"903","8_E","E","10u",3,1,2
"905","8_E","E","5b",3,1,2
"906","8_E","E","9u",3,1,2
"907","8_E","E","7u",3,1,2
"908","8_E","E","4b",3,1,2
"910","8_E","E","8u",3,1,2
"912","8_E","E","2b",3,1,2
"913","8_E","E","5u",3,1,2
"915","8_E","E","8b",3,1,2
"916","8_E","E","1u",3,1,2
"919","9_E","E","10b",3,1,2
"921","9_E","E","3u",3,1,2
"922","9_E","E","6b",3,1,2
"926","9_E","E","2u",3,1,2
"927","9_E","E","9b",3,1,2
"929","9_E","E","7b",3,1,2
"930","9_E","E","6u",3,1,2
"932","9_E","E","3b",3,1,2
"934","9_E","E","1b",3,1,2
"935","9_E","E","10u",3,1,2
"938","9_E","E","9u",3,1,2
"939","9_E","E","7u",NA,1,2
"940","9_E","E","4b",3,1,2
"942","9_E","E","8u",3,1,2
"944","9_E","E","2b",3,1,2
"945","9_E","E","5u",3,1,2
"947","9_E","E","8b",3,1,2
"948","9_E","E","1u",3,1,2
"951","10_E","E","10b",3,1,2
"953","10_E","E","3u",3,1,2
"954","10_E","E","6b",3,1,2
"957","10_E","E","4u",3,1,2
"958","10_E","E","2u",3,1,2
"959","10_E","E","9b",3,1,2
"961","10_E","E","7b",3,1,2
"962","10_E","E","6u",3,1,2
"964","10_E","E","3b",3,1,2
"966","10_E","E","1b",3,1,2
"967","10_E","E","10u",3,1,2
"969","10_E","E","5b",3,1,2
"970","10_E","E","9u",3,1,2
"971","10_E","E","7u",3,1,2
"972","10_E","E","4b",3,1,2
"974","10_E","E","8u",3,1,2
"976","10_E","E","2b",3,1,2
"977","10_E","E","5u",3,1,2
"979","10_E","E","8b",3,1,2
"980","10_E","E","1u",3,1,2
"983","11_E","E","10b",3,1,2
"985","11_E","E","3u",3,1,2
"986","11_E","E","6b",3,1,2
"990","11_E","E","2u",3,1,2
"991","11_E","E","9b",3,1,2
"994","11_E","E","6u",3,1,2
"996","11_E","E","3b",3,1,2
"998","11_E","E","1b",3,1,2
"999","11_E","E","10u",3,1,2
"1001","11_E","E","5b",3,1,2
"1002","11_E","E","9u",3,1,2
"1003","11_E","E","7u",3,1,2
"1004","11_E","E","4b",3,1,2
"1006","11_E","E","8u",3,1,2
"1008","11_E","E","2b",3,1,2
"1009","11_E","E","5u",3,1,2
"1011","11_E","E","8b",3,1,2
"1012","11_E","E","1u",3,1,2
"1015","12_E","E","10b",3,1,2
"1018","12_E","E","6b",3,1,2
"1021","12_E","E","4u",3,1,2
"1022","12_E","E","2u",3,1,2
"1023","12_E","E","9b",3,1,2
"1025","12_E","E","7b",3,1,2
"1026","12_E","E","6u",3,1,2
"1028","12_E","E","3b",3,1,2
"1030","12_E","E","1b",3,1,2
"1031","12_E","E","10u",3,1,2
"1033","12_E","E","5b",3,1,2
"1034","12_E","E","9u",3,1,2
"1035","12_E","E","7u",3,1,2
"1036","12_E","E","4b",3,1,2
"1038","12_E","E","8u",3,1,2
"1040","12_E","E","2b",3,1,2
"1041","12_E","E","5u",3,1,2
"1043","12_E","E","8b",3,1,2
"1044","12_E","E","1u",3,1,2
"1047","13_E","E","10b",1,2,3
"1049","13_E","E","3u",1,2,3
"1050","13_E","E","6b",3,1,2
"1053","13_E","E","4u",1,2,3
"1054","13_E","E","2u",3,1,2
"1055","13_E","E","9b",1,2,3
"1057","13_E","E","7b",3,1,2
"1058","13_E","E","6u",3,1,2
"1060","13_E","E","3b",1,2,3
"1062","13_E","E","1b",3,1,2
"1063","13_E","E","10u",1,2,3
"1066","13_E","E","9u",1,2,3
"1067","13_E","E","7u",1,2,3
"1068","13_E","E","4b",3,1,2
"1070","13_E","E","8u",3,1,2
"1072","13_E","E","2b",3,1,2
"1073","13_E","E","5u",3,1,2
"1075","13_E","E","8b",3,1,2
"1076","13_E","E","1u",1,2,3
"1079","15_E","E","10b",1,2,3
"1081","15_E","E","3u",3,1,2
"1082","15_E","E","6b",3,1,2
"1085","15_E","E","4u",1,2,3
"1086","15_E","E","2u",1,2,3
"1087","15_E","E","9b",3,1,2
"1089","15_E","E","7b",1,2,3
"1090","15_E","E","6u",3,1,2
"1092","15_E","E","3b",1,2,3
"1094","15_E","E","1b",3,1,2
"1095","15_E","E","10u",1,2,3
"1097","15_E","E","5b",3,1,2
"1098","15_E","E","9u",1,2,3
"1099","15_E","E","7u",1,2,3
"1100","15_E","E","4b",1,2,3
"1102","15_E","E","8u",1,2,3
"1104","15_E","E","2b",1,2,3
"1105","15_E","E","5u",1,2,3
"1107","15_E","E","8b",3,1,2
"1108","15_E","E","1u",1,2,3
"1111","16_E","E","10b",3,1,2
"1113","16_E","E","3u",3,1,2
"1114","16_E","E","6b",3,1,2
"1117","16_E","E","4u",3,1,2
"1118","16_E","E","2u",3,1,2
"1121","16_E","E","7b",3,1,2
"1122","16_E","E","6u",3,1,2
"1124","16_E","E","3b",3,1,2
"1126","16_E","E","1b",3,1,2
"1127","16_E","E","10u",3,1,2
"1129","16_E","E","5b",NA,1,2
"1131","16_E","E","7u",3,1,2
"1132","16_E","E","4b",3,1,2
"1134","16_E","E","8u",3,1,2
"1136","16_E","E","2b",3,1,2
"1137","16_E","E","5u",3,1,2
"1139","16_E","E","8b",3,1,2
"1143","17_E","E","10b",3,1,2
"1145","17_E","E","3u",3,1,2
"1146","17_E","E","6b",3,1,2
"1149","17_E","E","4u",3,1,2
"1150","17_E","E","2u",3,1,2
"1151","17_E","E","9b",3,1,2
"1153","17_E","E","7b",3,1,2
"1154","17_E","E","6u",3,1,2
"1156","17_E","E","3b",3,1,2
"1158","17_E","E","1b",3,1,2
"1159","17_E","E","10u",3,1,2
"1161","17_E","E","5b",3,1,2
"1162","17_E","E","9u",3,1,2
"1163","17_E","E","7u",3,1,2
"1164","17_E","E","4b",3,1,2
"1166","17_E","E","8u",3,1,2
"1168","17_E","E","2b",3,1,2
"1169","17_E","E","5u",3,1,2
"1171","17_E","E","8b",3,1,2
"1172","17_E","E","1u",3,1,2
"1175","18_E","E","10b",3,1,2
"1177","18_E","E","3u",3,1,2
"1178","18_E","E","6b",3,1,2
"1182","18_E","E","2u",3,1,2
"1183","18_E","E","9b",3,1,2
"1185","18_E","E","7b",3,1,2
"1188","18_E","E","3b",1,2,3
"1190","18_E","E","1b",3,1,2
"1191","18_E","E","10u",3,1,2
"1193","18_E","E","5b",1,2,3
"1194","18_E","E","9u",1,2,3
"1195","18_E","E","7u",1,2,3
"1196","18_E","E","4b",1,2,3
"1198","18_E","E","8u",1,2,3
"1200","18_E","E","2b",3,1,2
"1201","18_E","E","5u",1,2,3
"1203","18_E","E","8b",1,2,3
"1204","18_E","E","1u",1,2,3
"1207","19_E","E","10b",3,1,2
"1209","19_E","E","3u",3,1,2
"1210","19_E","E","6b",3,1,2
"1213","19_E","E","4u",3,1,2
"1214","19_E","E","2u",3,1,2
"1215","19_E","E","9b",3,1,2
"1217","19_E","E","7b",3,1,2
"1218","19_E","E","6u",3,1,2
"1220","19_E","E","3b",3,1,2
"1222","19_E","E","1b",3,1,2
"1223","19_E","E","10u",3,1,2
"1225","19_E","E","5b",3,1,2
"1226","19_E","E","9u",3,1,2
"1227","19_E","E","7u",3,1,2
"1228","19_E","E","4b",3,1,2
"1230","19_E","E","8u",3,1,2
"1232","19_E","E","2b",3,1,2
"1233","19_E","E","5u",3,1,2
"1235","19_E","E","8b",3,1,2
"1236","19_E","E","1u",3,1,2
"1239","20_E","E","10b",3,1,2
"1241","20_E","E","3u",3,1,2
"1242","20_E","E","6b",3,1,2
"1246","20_E","E","2u",3,1,2
"1247","20_E","E","9b",1,2,3
"1250","20_E","E","6u",3,1,2
"1252","20_E","E","3b",3,1,2
"1254","20_E","E","1b",NA,1,2
"1255","20_E","E","10u",3,1,2
"1257","20_E","E","5b",3,1,2
"1258","20_E","E","9u",NA,1,2
"1259","20_E","E","7u",NA,1,2
"1260","20_E","E","4b",3,1,2
"1262","20_E","E","8u",3,1,2
"1264","20_E","E","2b",3,1,2
"1265","20_E","E","5u",3,1,2
"1267","20_E","E","8b",3,1,2
"1268","20_E","E","1u",3,1,2
"1271","21_E","E","10b",1,2,3
"1273","21_E","E","3u",1,2,3
"1274","21_E","E","6b",1,2,3
"1277","21_E","E","4u",1,2,3
"1278","21_E","E","2u",1,2,3
"1279","21_E","E","9b",1,2,3
"1281","21_E","E","7b",1,2,3
"1282","21_E","E","6u",1,2,3
"1284","21_E","E","3b",1,2,3
"1286","21_E","E","1b",1,2,3
"1287","21_E","E","10u",1,2,3
"1289","21_E","E","5b",1,2,3
"1290","21_E","E","9u",1,2,3
"1291","21_E","E","7u",1,2,3
"1292","21_E","E","4b",1,2,3
"1294","21_E","E","8u",1,2,3
"1296","21_E","E","2b",1,2,3
"1297","21_E","E","5u",1,2,3
"1299","21_E","E","8b",1,2,3
"1300","21_E","E","1u",1,2,3
"1303","22_E","E","10b",1,2,3
"1305","22_E","E","3u",1,2,3
"1306","22_E","E","6b",1,2,3
"1310","22_E","E","2u",1,2,3
"1311","22_E","E","9b",1,2,3
"1314","22_E","E","6u",1,2,3
"1316","22_E","E","3b",1,2,3
"1318","22_E","E","1b",1,2,3
"1319","22_E","E","10u",1,2,3
"1321","22_E","E","5b",1,2,3
"1323","22_E","E","7u",1,2,3
"1324","22_E","E","4b",1,2,3
"1326","22_E","E","8u",1,2,3
"1328","22_E","E","2b",1,2,3
"1329","22_E","E","5u",1,2,3
"1331","22_E","E","8b",1,2,3
"1332","22_E","E","1u",1,2,3
"1335","23_E","E","10b",1,2,3
"1337","23_E","E","3u",1,2,3
"1338","23_E","E","6b",1,2,3
"1341","23_E","E","4u",1,2,3
"1342","23_E","E","2u",1,2,3
"1343","23_E","E","9b",1,2,3
"1345","23_E","E","7b",1,2,3
"1346","23_E","E","6u",1,2,3
"1348","23_E","E","3b",1,2,3
"1350","23_E","E","1b",1,2,3
"1351","23_E","E","10u",1,2,3
"1353","23_E","E","5b",1,2,3
"1354","23_E","E","9u",1,2,3
"1355","23_E","E","7u",1,2,3
"1356","23_E","E","4b",1,2,3
"1358","23_E","E","8u",1,2,3
"1360","23_E","E","2b",1,2,3
"1361","23_E","E","5u",1,2,3
"1363","23_E","E","8b",1,2,3
"1364","23_E","E","1u",1,2,3
"1367","24_E","E","10b",1,2,3
"1369","24_E","E","3u",1,2,3
"1370","24_E","E","6b",1,2,3
"1373","24_E","E","4u",1,2,3
"1374","24_E","E","2u",1,2,3
"1375","24_E","E","9b",1,2,3
"1378","24_E","E","6u",1,2,3
"1382","24_E","E","1b",1,2,3
"1383","24_E","E","10u",1,2,3
"1385","24_E","E","5b",1,2,3
"1386","24_E","E","9u",1,2,3
"1387","24_E","E","7u",1,2,3
"1388","24_E","E","4b",1,2,3
"1390","24_E","E","8u",1,2,3
"1392","24_E","E","2b",1,2,3
"1393","24_E","E","5u",1,2,3
"1395","24_E","E","8b",1,2,3
"1396","24_E","E","1u",1,2,3
"1399","25_E","E","10b",1,2,3
"1401","25_E","E","3u",1,2,3
"1402","25_E","E","6b",3,1,2
"1406","25_E","E","2u",1,2,3
"1407","25_E","E","9b",1,2,3
"1412","25_E","E","3b",3,1,2
"1414","25_E","E","1b",3,1,2
"1417","25_E","E","5b",3,1,2
"1418","25_E","E","9u",1,2,3
"1419","25_E","E","7u",3,1,2
"1420","25_E","E","4b",3,1,2
"1422","25_E","E","8u",3,1,2
"1424","25_E","E","2b",3,1,2
"1425","25_E","E","5u",1,2,3
"1427","25_E","E","8b",3,1,2
"1428","25_E","E","1u",2,1,3
"1433","26_E","E","3u",3,1,2
"1434","26_E","E","6b",3,1,2
"1437","26_E","E","4u",3,1,2
"1438","26_E","E","2u",3,1,2
"1439","26_E","E","9b",3,1,2
"1441","26_E","E","7b",3,1,2
"1442","26_E","E","6u",3,1,2
"1444","26_E","E","3b",3,1,2
"1446","26_E","E","1b",3,1,2
"1447","26_E","E","10u",3,1,2
"1449","26_E","E","5b",3,1,2
"1450","26_E","E","9u",3,1,2
"1451","26_E","E","7u",3,1,2
"1452","26_E","E","4b",3,1,2
"1454","26_E","E","8u",3,1,2
"1456","26_E","E","2b",3,1,2
"1457","26_E","E","5u",3,1,2
"1459","26_E","E","8b",3,1,2
"1460","26_E","E","1u",3,1,2
"1463","27_E","E","10b",3,1,2
"1465","27_E","E","3u",3,1,2
"1466","27_E","E","6b",3,1,2
"1470","27_E","E","2u",3,1,2
"1471","27_E","E","9b",3,1,2
"1474","27_E","E","6u",3,1,2
"1478","27_E","E","1b",3,1,2
"1479","27_E","E","10u",3,1,2
"1481","27_E","E","5b",3,1,2
"1483","27_E","E","7u",3,1,2
"1484","27_E","E","4b",3,1,2
"1486","27_E","E","8u",3,1,2
"1488","27_E","E","2b",3,1,2
"1489","27_E","E","5u",3,1,2
"1491","27_E","E","8b",3,1,2
"1495","28_E","E","10b",3,1,2
"1497","28_E","E","3u",3,1,2
"1498","28_E","E","6b",3,1,2
"1503","28_E","E","9b",3,1,2
"1508","28_E","E","3b",3,1,2
"1510","28_E","E","1b",3,1,2
"1511","28_E","E","10u",3,1,2
"1513","28_E","E","5b",3,1,2
"1515","28_E","E","7u",3,1,2
"1516","28_E","E","4b",3,1,2
"1518","28_E","E","8u",3,1,2
"1520","28_E","E","2b",3,1,2
"1521","28_E","E","5u",3,1,2
"1523","28_E","E","8b",3,1,2
"1527","29_E","E","10b",1,2,3
"1529","29_E","E","3u",1,2,3
"1530","29_E","E","6b",1,2,3
"1534","29_E","E","2u",1,2,3
"1535","29_E","E","9b",1,2,3
"1537","29_E","E","7b",1,2,3
"1538","29_E","E","6u",3,1,2
"1540","29_E","E","3b",1,2,3
"1542","29_E","E","1b",1,2,3
"1543","29_E","E","10u",1,2,3
"1545","29_E","E","5b",NA,1,2
"1547","29_E","E","7u",1,2,3
"1548","29_E","E","4b",1,2,3
"1550","29_E","E","8u",1,2,3
"1552","29_E","E","2b",1,2,3
"1553","29_E","E","5u",1,2,3
"1555","29_E","E","8b",3,1,2
"1556","29_E","E","1u",3,1,2
"1559","30_E","E","10b",3,1,2
"1561","30_E","E","3u",NA,1,2
"1562","30_E","E","6b",3,1,2
"1566","30_E","E","2u",3,1,2
"1569","30_E","E","7b",3,1,2
"1570","30_E","E","6u",3,1,2
"1572","30_E","E","3b",3,1,2
"1574","30_E","E","1b",3,1,2
"1575","30_E","E","10u",3,1,2
"1577","30_E","E","5b",3,1,2
"1579","30_E","E","7u",3,1,2
"1580","30_E","E","4b",3,1,2
"1582","30_E","E","8u",3,1,2
"1584","30_E","E","2b",3,1,2
"1585","30_E","E","5u",3,1,2
"1587","30_E","E","8b",3,1,2
"1588","30_E","E","1u",3,1,2
"1591","31_E","E","10b",3,1,2
"1593","31_E","E","3u",3,1,2
"1594","31_E","E","6b",3,1,2
"1598","31_E","E","2u",3,1,2
"1599","31_E","E","9b",3,1,2
"1601","31_E","E","7b",3,1,2
"1602","31_E","E","6u",3,1,2
"1604","31_E","E","3b",3,1,2
"1606","31_E","E","1b",3,1,2
"1607","31_E","E","10u",3,1,2
"1609","31_E","E","5b",3,1,2
"1610","31_E","E","9u",3,1,2
"1611","31_E","E","7u",3,1,2
"1612","31_E","E","4b",3,1,2
"1614","31_E","E","8u",3,1,2
"1616","31_E","E","2b",3,1,2
"1617","31_E","E","5u",3,1,2
"1619","31_E","E","8b",3,1,2
"1620","31_E","E","1u",3,1,2
"1623","33_E","E","10b",3,1,2
"1625","33_E","E","3u",3,1,2
"1626","33_E","E","6b",3,1,2
"1629","33_E","E","4u",3,1,2
"1630","33_E","E","2u",3,1,2
"1633","33_E","E","7b",3,1,2
"1634","33_E","E","6u",3,1,2
"1636","33_E","E","3b",3,1,2
"1638","33_E","E","1b",3,1,2
"1639","33_E","E","10u",3,1,2
"1641","33_E","E","5b",3,1,2
"1642","33_E","E","9u",3,1,2
"1643","33_E","E","7u",3,1,2
"1644","33_E","E","4b",3,1,2
"1646","33_E","E","8u",3,1,2
"1648","33_E","E","2b",3,1,2
"1649","33_E","E","5u",3,1,2
"1651","33_E","E","8b",3,1,2
"1652","33_E","E","1u",3,1,2
"1655","34_E","E","10b",1,2,3
"1657","34_E","E","3u",1,2,3
"1658","34_E","E","6b",1,2,3
"1662","34_E","E","2u",1,2,3
"1663","34_E","E","9b",1,2,3
"1665","34_E","E","7b",1,2,3
"1666","34_E","E","6u",1,2,3
"1668","34_E","E","3b",1,2,3
"1670","34_E","E","1b",1,2,3
"1671","34_E","E","10u",1,2,3
"1673","34_E","E","5b",1,2,3
"1674","34_E","E","9u",1,2,3
"1675","34_E","E","7u",1,2,3
"1676","34_E","E","4b",1,2,3
"1678","34_E","E","8u",1,2,3
"1680","34_E","E","2b",1,2,3
"1681","34_E","E","5u",1,2,3
"1683","34_E","E","8b",1,2,3
"1684","34_E","E","1u",1,2,3
"1687","35_E","E","10b",3,1,2
"1689","35_E","E","3u",3,1,2
"1690","35_E","E","6b",3,1,2
"1693","35_E","E","4u",3,1,2
"1694","35_E","E","2u",3,1,2
"1695","35_E","E","9b",3,1,2
"1697","35_E","E","7b",3,1,2
"1698","35_E","E","6u",3,1,2
"1700","35_E","E","3b",3,1,2
"1702","35_E","E","1b",3,1,2
"1703","35_E","E","10u",3,1,2
"1705","35_E","E","5b",3,1,2
"1706","35_E","E","9u",3,1,2
"1707","35_E","E","7u",3,1,2
"1708","35_E","E","4b",3,1,2
"1710","35_E","E","8u",3,1,2
"1712","35_E","E","2b",3,1,2
"1713","35_E","E","5u",3,1,2
"1715","35_E","E","8b",3,1,2
"1716","35_E","E","1u",3,1,2
"1719","36_E","E","10b",3,1,2
"1721","36_E","E","3u",3,1,2
"1722","36_E","E","6b",3,1,2
"1725","36_E","E","4u",3,1,2
"1726","36_E","E","2u",3,1,2
"1727","36_E","E","9b",3,1,2
"1730","36_E","E","6u",3,1,2
"1732","36_E","E","3b",3,1,2
"1734","36_E","E","1b",3,1,2
"1735","36_E","E","10u",3,1,2
"1737","36_E","E","5b",3,1,2
"1738","36_E","E","9u",3,1,2
"1739","36_E","E","7u",3,1,2
"1740","36_E","E","4b",3,1,2
"1742","36_E","E","8u",3,1,2
"1744","36_E","E","2b",3,1,2
"1745","36_E","E","5u",3,1,2
"1747","36_E","E","8b",3,1,2
"1748","36_E","E","1u",3,1,2
"1749","1_T","T","10b",1,2,3
"1750","1_T","T","3u",1,2,3
"1751","1_T","T","6b",1,2,3
"1752","1_T","T","4u",1,2,3
"1753","1_T","T","2u",1,2,3
"1754","1_T","T","9b",1,2,3
"1755","1_T","T","7b",1,2,3
"1756","1_T","T","6u",1,2,3
"1757","1_T","T","3b",1,2,3
"1758","1_T","T","1b",1,2,3
"1759","1_T","T","10u",1,2,3
"1760","1_T","T","5b",1,2,3
"1761","1_T","T","9u",1,2,3
"1762","1_T","T","7u",1,2,3
"1763","1_T","T","4b",1,2,3
"1764","1_T","T","8u",1,2,3
"1765","1_T","T","2b",1,2,3
"1766","1_T","T","5u",1,2,3
"1767","1_T","T","8b",1,2,3
"1768","1_T","T","1u",1,2,3
"1769","2_T","T","10b",NA,1,2
"1770","2_T","T","3u",1,2,3
"1771","2_T","T","6b",1,2,3
"1772","2_T","T","4u",1,2,3
"1773","2_T","T","2u",1,2,3
"1774","2_T","T","9b",1,2,3
"1775","2_T","T","7b",1,2,3
"1776","2_T","T","6u",1,2,3
"1777","2_T","T","3b",2,1,3
"1778","2_T","T","1b",1,2,3
"1779","2_T","T","10u",1,2,3
"1780","2_T","T","5b",1,2,3
"1781","2_T","T","9u",1,2,3
"1782","2_T","T","7u",1,2,3
"1783","2_T","T","4b",1,2,3
"1784","2_T","T","8u",1,2,3
"1785","2_T","T","2b",1,2,3
"1786","2_T","T","5u",1,2,3
"1787","2_T","T","8b",1,2,3
"1788","2_T","T","1u",1,2,3
"1789","3_T","T","10b",1,2,3
"1790","3_T","T","3u",1,2,3
"1791","3_T","T","6b",1,2,3
"1792","3_T","T","4u",1,2,3
"1793","3_T","T","2u",1,2,3
"1794","3_T","T","9b",1,2,3
"1795","3_T","T","7b",1,2,3
"1796","3_T","T","6u",1,2,3
"1797","3_T","T","3b",1,2,3
"1798","3_T","T","1b",1,2,3
"1799","3_T","T","10u",1,2,3
"1800","3_T","T","5b",1,2,3
"1801","3_T","T","9u",1,2,3
"1802","3_T","T","7u",1,2,3
"1803","3_T","T","4b",1,2,3
"1804","3_T","T","8u",1,2,3
"1805","3_T","T","2b",1,2,3
"1806","3_T","T","5u",1,2,3
"1807","3_T","T","8b",1,2,3
"1808","3_T","T","1u",1,2,3
"1809","4_T","T","10b",2,1,3
"1810","4_T","T","3u",2,1,3
"1811","4_T","T","6b",2,1,3
"1812","4_T","T","4u",2,1,3
"1813","4_T","T","2u",2,1,3
"1814","4_T","T","9b",2,1,3
"1815","4_T","T","7b",2,1,3
"1816","4_T","T","6u",2,1,3
"1817","4_T","T","3b",2,1,3
"1818","4_T","T","1b",2,1,3
"1819","4_T","T","10u",2,1,3
"1820","4_T","T","5b",2,1,3
"1821","4_T","T","9u",2,1,3
"1822","4_T","T","7u",1,2,3
"1823","4_T","T","4b",2,1,3
"1824","4_T","T","8u",1,2,3
"1825","4_T","T","2b",2,1,3
"1826","4_T","T","5u",1,2,3
"1827","4_T","T","8b",2,1,3
"1828","4_T","T","1u",2,1,3
"1829","5_T","T","10b",2,1,3
"1830","5_T","T","3u",2,1,3
"1831","5_T","T","6b",2,1,3
"1832","5_T","T","4u",2,1,3
"1833","5_T","T","2u",2,1,3
"1834","5_T","T","9b",2,1,3
"1835","5_T","T","7b",2,1,3
"1836","5_T","T","6u",2,1,3
"1837","5_T","T","3b",2,1,3
"1838","5_T","T","1b",2,1,3
"1839","5_T","T","10u",2,1,3
"1840","5_T","T","5b",2,1,3
"1841","5_T","T","9u",NA,1,2
"1842","5_T","T","7u",2,1,3
"1843","5_T","T","4b",2,1,3
"1844","5_T","T","8u",2,1,3
"1845","5_T","T","2b",2,1,3
"1846","5_T","T","5u",2,1,3
"1847","5_T","T","8b",2,1,3
"1848","5_T","T","1u",2,1,3
"1849","6_T","T","10b",2,1,3
"1850","6_T","T","3u",2,1,3
"1851","6_T","T","6b",2,1,3
"1852","6_T","T","4u",2,1,3
"1853","6_T","T","2u",2,1,3
"1854","6_T","T","9b",2,1,3
"1855","6_T","T","7b",2,1,3
"1856","6_T","T","6u",2,1,3
"1857","6_T","T","3b",2,1,3
"1858","6_T","T","1b",2,1,3
"1859","6_T","T","10u",2,1,3
"1860","6_T","T","5b",2,1,3
"1861","6_T","T","9u",2,1,3
"1862","6_T","T","7u",2,1,3
"1863","6_T","T","4b",2,1,3
"1864","6_T","T","8u",2,1,3
"1865","6_T","T","2b",2,1,3
"1866","6_T","T","5u",2,1,3
"1867","6_T","T","8b",2,1,3
"1868","6_T","T","1u",2,1,3
"1869","7_T","T","10b",2,1,3
"1870","7_T","T","3u",2,1,3
"1871","7_T","T","6b",2,1,3
"1872","7_T","T","4u",2,1,3
"1873","7_T","T","2u",2,1,3
"1874","7_T","T","9b",2,1,3
"1875","7_T","T","7b",2,1,3
"1876","7_T","T","6u",2,1,3
"1877","7_T","T","3b",2,1,3
"1878","7_T","T","1b",2,1,3
"1879","7_T","T","10u",2,1,3
"1880","7_T","T","5b",2,1,3
"1881","7_T","T","9u",2,1,3
"1882","7_T","T","7u",2,1,3
"1883","7_T","T","4b",2,1,3
"1884","7_T","T","8u",2,1,3
"1885","7_T","T","2b",2,1,3
"1886","7_T","T","5u",2,1,3
"1887","7_T","T","8b",2,1,3
"1888","7_T","T","1u",2,1,3
"1889","8_T","T","10b",1,2,3
"1890","8_T","T","3u",1,2,3
"1891","8_T","T","6b",1,2,3
"1892","8_T","T","4u",1,2,3
"1893","8_T","T","2u",1,2,3
"1894","8_T","T","9b",1,2,3
"1895","8_T","T","7b",1,2,3
"1896","8_T","T","6u",1,2,3
"1897","8_T","T","3b",1,2,3
"1898","8_T","T","1b",1,2,3
"1899","8_T","T","10u",1,2,3
"1900","8_T","T","5b",1,2,3
"1901","8_T","T","9u",1,2,3
"1902","8_T","T","7u",1,2,3
"1903","8_T","T","4b",1,2,3
"1904","8_T","T","8u",1,2,3
"1905","8_T","T","2b",1,2,3
"1906","8_T","T","5u",1,2,3
"1907","8_T","T","8b",1,2,3
"1908","8_T","T","1u",1,2,3
"1909","9_T","T","10b",1,2,3
"1910","9_T","T","3u",1,2,3
"1911","9_T","T","6b",2,1,3
"1912","9_T","T","4u",2,1,3
"1913","9_T","T","2u",2,1,3
"1914","9_T","T","9b",2,1,3
"1915","9_T","T","7b",2,1,3
"1916","9_T","T","6u",1,2,3
"1917","9_T","T","3b",1,2,3
"1918","9_T","T","1b",1,3,2
"1919","9_T","T","10u",1,2,3
"1920","9_T","T","5b",1,3,2
"1921","9_T","T","9u",1,2,3
"1922","9_T","T","7u",3,1,2
"1923","9_T","T","4b",2,1,3
"1924","9_T","T","8u",1,2,3
"1925","9_T","T","2b",2,1,3
"1926","9_T","T","5u",1,2,3
"1927","9_T","T","8b",1,2,3
"1928","9_T","T","1u",1,2,3
"1929","10_T","T","10b",2,1,3
"1930","10_T","T","3u",2,1,3
"1931","10_T","T","6b",2,1,3
"1932","10_T","T","4u",2,1,3
"1933","10_T","T","2u",2,1,3
"1934","10_T","T","9b",2,1,3
"1935","10_T","T","7b",2,1,3
"1936","10_T","T","6u",2,1,3
"1937","10_T","T","3b",2,1,3
"1938","10_T","T","1b",2,1,3
"1939","10_T","T","10u",2,1,3
"1940","10_T","T","5b",2,1,3
"1941","10_T","T","9u",2,1,3
"1942","10_T","T","7u",2,1,3
"1943","10_T","T","4b",2,1,3
"1944","10_T","T","8u",2,1,3
"1945","10_T","T","2b",2,1,3
"1946","10_T","T","5u",2,1,3
"1947","10_T","T","8b",2,1,3
"1948","10_T","T","1u",2,1,3
"1949","11_T","T","10b",1,2,3
"1950","11_T","T","3u",1,2,3
"1951","11_T","T","6b",1,2,3
"1952","11_T","T","4u",1,2,3
"1953","11_T","T","2u",1,2,3
"1954","11_T","T","9b",1,2,3
"1955","11_T","T","7b",1,2,3
"1956","11_T","T","6u",1,2,3
"1957","11_T","T","3b",1,2,3
"1958","11_T","T","1b",1,2,3
"1959","11_T","T","10u",1,2,3
"1960","11_T","T","5b",1,2,3
"1961","11_T","T","9u",1,2,3
"1962","11_T","T","7u",1,2,3
"1963","11_T","T","4b",1,2,3
"1964","11_T","T","8u",1,2,3
"1965","11_T","T","2b",1,2,3
"1966","11_T","T","5u",1,2,3
"1967","11_T","T","8b",1,2,3
"1968","11_T","T","1u",1,2,3
"1969","12_T","T","10b",2,1,3
"1970","12_T","T","3u",2,1,3
"1971","12_T","T","6b",2,1,3
"1972","12_T","T","4u",2,1,3
"1973","12_T","T","2u",2,1,3
"1974","12_T","T","9b",2,1,3
"1975","12_T","T","7b",2,1,3
"1976","12_T","T","6u",2,1,3
"1977","12_T","T","3b",2,1,3
"1978","12_T","T","1b",2,1,3
"1979","12_T","T","10u",2,1,3
"1980","12_T","T","5b",2,1,3
"1981","12_T","T","9u",2,1,3
"1982","12_T","T","7u",2,1,3
"1983","12_T","T","4b",2,1,3
"1984","12_T","T","8u",2,1,3
"1985","12_T","T","2b",2,1,3
"1986","12_T","T","5u",2,1,3
"1987","12_T","T","8b",2,1,3
"1988","12_T","T","1u",2,1,3
"1989","13_T","T","10b",1,2,3
"1990","13_T","T","3u",1,2,3
"1991","13_T","T","6b",1,2,3
"1992","13_T","T","4u",1,2,3
"1993","13_T","T","2u",1,2,3
"1994","13_T","T","9b",1,2,3
"1995","13_T","T","7b",2,1,3
"1996","13_T","T","6u",2,1,3
"1997","13_T","T","3b",1,2,3
"1998","13_T","T","1b",1,2,3
"1999","13_T","T","10u",1,2,3
"2000","13_T","T","5b",1,2,3
"2001","13_T","T","9u",1,2,3
"2002","13_T","T","7u",1,2,3
"2003","13_T","T","4b",1,2,3
"2004","13_T","T","8u",1,2,3
"2005","13_T","T","2b",1,2,3
"2006","13_T","T","5u",1,2,3
"2007","13_T","T","8b",1,2,3
"2008","13_T","T","1u",1,2,3
"2009","14_T","T","10b",1,2,3
"2010","14_T","T","3u",1,2,3
"2011","14_T","T","6b",1,2,3
"2012","14_T","T","4u",1,2,3
"2013","14_T","T","2u",1,3,2
"2014","14_T","T","9b",1,2,3
"2015","14_T","T","7b",2,1,3
"2016","14_T","T","6u",1,2,3
"2017","14_T","T","3b",1,2,3
"2018","14_T","T","1b",1,2,3
"2019","14_T","T","10u",1,2,3
"2020","14_T","T","5b",1,2,3
"2021","14_T","T","9u",1,2,3
"2022","14_T","T","7u",1,2,3
"2023","14_T","T","4b",1,2,3
"2024","14_T","T","8u",1,2,3
"2025","14_T","T","2b",1,2,3
"2026","14_T","T","5u",1,2,3
"2027","14_T","T","8b",1,2,3
"2028","14_T","T","1u",1,2,3
"2029","15_T","T","10b",2,1,3
"2030","15_T","T","3u",2,1,3
"2031","15_T","T","6b",2,1,3
"2032","15_T","T","4u",2,1,3
"2033","15_T","T","2u",2,1,3
"2034","15_T","T","9b",1,2,3
"2035","15_T","T","7b",2,1,3
"2036","15_T","T","6u",2,1,3
"2037","15_T","T","3b",2,1,3
"2038","15_T","T","1b",2,1,3
"2039","15_T","T","10u",2,1,3
"2040","15_T","T","5b",2,1,3
"2041","15_T","T","9u",2,1,3
"2042","15_T","T","7u",2,1,3
"2043","15_T","T","4b",2,1,3
"2044","15_T","T","8u",2,1,3
"2045","15_T","T","2b",2,1,3
"2046","15_T","T","5u",2,1,3
"2047","15_T","T","8b",2,1,3
"2048","15_T","T","1u",2,1,3
"2049","16_T","T","10b",1,2,3
"2050","16_T","T","3u",1,2,3
"2051","16_T","T","6b",1,2,3
"2052","16_T","T","4u",1,2,3
"2053","16_T","T","2u",1,2,3
"2054","16_T","T","9b",1,2,3
"2055","16_T","T","7b",1,2,3
"2056","16_T","T","6u",1,2,3
"2057","16_T","T","3b",1,2,3
"2058","16_T","T","1b",1,2,3
"2059","16_T","T","10u",1,2,3
"2060","16_T","T","5b",1,2,3
"2061","16_T","T","9u",1,2,3
"2062","16_T","T","7u",1,2,3
"2063","16_T","T","4b",1,2,3
"2064","16_T","T","8u",1,2,3
"2065","16_T","T","2b",1,2,3
"2066","16_T","T","5u",1,2,3
"2067","16_T","T","8b",1,2,3
"2068","16_T","T","1u",1,2,3
"2069","17_T","T","10b",1,2,3
"2070","17_T","T","3u",1,2,3
"2071","17_T","T","6b",1,2,3
"2072","17_T","T","4u",1,2,3
"2073","17_T","T","2u",1,2,3
"2074","17_T","T","9b",1,2,3
"2075","17_T","T","7b",1,2,3
"2076","17_T","T","6u",1,2,3
"2077","17_T","T","3b",1,2,3
"2078","17_T","T","1b",1,2,3
"2079","17_T","T","10u",1,2,3
"2080","17_T","T","5b",2,1,3
"2081","17_T","T","9u",1,2,3
"2082","17_T","T","7u",1,2,3
"2083","17_T","T","4b",1,2,3
"2084","17_T","T","8u",1,2,3
"2085","17_T","T","2b",1,2,3
"2086","17_T","T","5u",1,2,3
"2087","17_T","T","8b",2,1,3
"2088","17_T","T","1u",1,2,3
"2089","18_T","T","10b",2,1,3
"2090","18_T","T","3u",2,1,3
"2091","18_T","T","6b",2,1,3
"2092","18_T","T","4u",2,1,3
"2093","18_T","T","2u",2,1,3
"2094","18_T","T","9b",2,1,3
"2095","18_T","T","7b",2,1,3
"2096","18_T","T","6u",2,1,3
"2097","18_T","T","3b",2,1,3
"2098","18_T","T","1b",2,1,3
"2099","18_T","T","10u",2,1,3
"2100","18_T","T","5b",2,1,3
"2101","18_T","T","9u",2,1,3
"2102","18_T","T","7u",2,1,3
"2103","18_T","T","4b",2,1,3
"2104","18_T","T","8u",2,1,3
"2105","18_T","T","2b",2,1,3
"2106","18_T","T","5u",2,1,3
"2107","18_T","T","8b",2,1,3
"2108","18_T","T","1u",2,1,3
"2109","19_T","T","10b",1,2,3
"2110","19_T","T","3u",1,2,3
"2111","19_T","T","6b",2,1,3
"2112","19_T","T","4u",1,2,3
"2113","19_T","T","2u",1,2,3
"2114","19_T","T","9b",1,2,3
"2115","19_T","T","7b",1,2,3
"2116","19_T","T","6u",2,1,3
"2117","19_T","T","3b",1,2,3
"2118","19_T","T","1b",1,2,3
"2119","19_T","T","10u",2,1,3
"2120","19_T","T","5b",1,2,3
"2121","19_T","T","9u",2,1,3
"2122","19_T","T","7u",2,1,3
"2123","19_T","T","4b",1,2,3
"2124","19_T","T","8u",2,1,3
"2125","19_T","T","2b",2,1,3
"2126","19_T","T","5u",2,1,3
"2127","19_T","T","8b",2,1,3
"2128","19_T","T","1u",1,2,3
"2129","20_T","T","10b",1,2,3
"2130","20_T","T","3u",3,1,2
"2131","20_T","T","6b",1,2,3
"2132","20_T","T","4u",1,2,3
"2133","20_T","T","2u",1,2,3
"2134","20_T","T","9b",1,2,3
"2135","20_T","T","7b",1,2,3
"2136","20_T","T","6u",1,2,3
"2137","20_T","T","3b",1,2,3
"2138","20_T","T","1b",1,2,3
"2139","20_T","T","10u",1,2,3
"2140","20_T","T","5b",3,1,2
"2141","20_T","T","9u",1,2,3
"2142","20_T","T","7u",1,2,3
"2143","20_T","T","4b",1,2,3
"2144","20_T","T","8u",1,2,3
"2145","20_T","T","2b",1,2,3
"2146","20_T","T","5u",1,2,3
"2147","20_T","T","8b",1,2,3
"2148","20_T","T","1u",1,2,3
"2149","21_T","T","10b",1,2,3
"2150","21_T","T","3u",1,2,3
"2151","21_T","T","6b",1,2,3
"2152","21_T","T","4u",1,2,3
"2153","21_T","T","2u",1,2,3
"2154","21_T","T","9b",1,2,3
"2155","21_T","T","7b",1,2,3
"2156","21_T","T","6u",1,2,3
"2157","21_T","T","3b",1,2,3
"2158","21_T","T","1b",1,2,3
"2159","21_T","T","10u",1,2,3
"2160","21_T","T","5b",1,2,3
"2161","21_T","T","9u",1,2,3
"2162","21_T","T","7u",1,2,3
"2163","21_T","T","4b",1,2,3
"2164","21_T","T","8u",1,2,3
"2165","21_T","T","2b",1,2,3
"2166","21_T","T","5u",1,2,3
"2167","21_T","T","8b",1,2,3
"2168","21_T","T","1u",1,2,3
"2169","22_T","T","10b",2,1,3
"2170","22_T","T","3u",2,1,3
"2171","22_T","T","6b",2,1,3
"2172","22_T","T","4u",2,1,3
"2173","22_T","T","2u",2,1,3
"2174","22_T","T","9b",2,1,3
"2175","22_T","T","7b",2,1,3
"2176","22_T","T","6u",2,1,3
"2177","22_T","T","3b",2,1,3
"2178","22_T","T","1b",2,1,3
"2179","22_T","T","10u",2,1,3
"2180","22_T","T","5b",2,1,3
"2181","22_T","T","9u",2,1,3
"2182","22_T","T","7u",2,1,3
"2183","22_T","T","4b",2,1,3
"2184","22_T","T","8u",2,1,3
"2185","22_T","T","2b",2,1,3
"2186","22_T","T","5u",2,1,3
"2187","22_T","T","8b",2,1,3
"2188","22_T","T","1u",2,1,3
"2189","23_T","T","10b",2,1,3
"2190","23_T","T","3u",2,1,3
"2191","23_T","T","6b",2,1,3
"2192","23_T","T","4u",2,1,3
"2193","23_T","T","2u",2,1,3
"2194","23_T","T","9b",2,1,3
"2195","23_T","T","7b",2,1,3
"2196","23_T","T","6u",2,1,3
"2197","23_T","T","3b",2,1,3
"2198","23_T","T","1b",2,1,3
"2199","23_T","T","10u",2,1,3
"2200","23_T","T","5b",1,3,2
"2201","23_T","T","9u",2,1,3
"2202","23_T","T","7u",2,1,3
"2203","23_T","T","4b",2,1,3
"2204","23_T","T","8u",2,1,3
"2205","23_T","T","2b",2,1,3
"2206","23_T","T","5u",2,1,3
"2207","23_T","T","8b",2,1,3
"2208","23_T","T","1u",2,1,3
"2209","24_T","T","10b",2,1,3
"2210","24_T","T","3u",2,1,3
"2211","24_T","T","6b",2,1,3
"2212","24_T","T","4u",2,1,3
"2213","24_T","T","2u",2,1,3
"2214","24_T","T","9b",2,1,3
"2215","24_T","T","7b",2,1,3
"2216","24_T","T","6u",2,1,3
"2217","24_T","T","3b",1,2,3
"2218","24_T","T","1b",2,1,3
"2219","24_T","T","10u",2,1,3
"2220","24_T","T","5b",2,1,3
"2221","24_T","T","9u",2,1,3
"2222","24_T","T","7u",2,1,3
"2223","24_T","T","4b",2,1,3
"2224","24_T","T","8u",2,1,3
"2225","24_T","T","2b",2,1,3
"2226","24_T","T","5u",2,1,3
"2227","24_T","T","8b",NA,1,2
"2228","24_T","T","1u",2,1,3
"2229","25_T","T","10b",2,1,3
"2230","25_T","T","3u",2,1,3
"2231","25_T","T","6b",1,2,3
"2232","25_T","T","4u",2,1,3
"2233","25_T","T","2u",2,1,3
"2234","25_T","T","9b",2,1,3
"2235","25_T","T","7b",1,2,3
"2236","25_T","T","6u",1,2,3
"2237","25_T","T","3b",1,2,3
"2238","25_T","T","1b",2,1,3
"2239","25_T","T","10u",3,1,2
"2240","25_T","T","5b",3,1,2
"2241","25_T","T","9u",3,1,2
"2242","25_T","T","7u",1,2,3
"2243","25_T","T","4b",1,2,3
"2244","25_T","T","8u",1,2,3
"2245","25_T","T","2b",1,2,3
"2246","25_T","T","5u",1,2,3
"2247","25_T","T","8b",2,1,3
"2248","25_T","T","1u",1,2,3
"2249","26_T","T","10b",2,1,3
"2250","26_T","T","3u",2,1,3
"2251","26_T","T","6b",2,1,3
"2252","26_T","T","4u",1,2,3
"2253","26_T","T","2u",1,2,3
"2254","26_T","T","9b",1,2,3
"2255","26_T","T","7b",2,1,3
"2256","26_T","T","6u",1,2,3
"2257","26_T","T","3b",2,1,3
"2258","26_T","T","1b",1,2,3
"2259","26_T","T","10u",1,2,3
"2260","26_T","T","5b",1,2,3
"2261","26_T","T","9u",1,2,3
"2262","26_T","T","7u",2,1,3
"2263","26_T","T","4b",2,1,3
"2264","26_T","T","8u",1,2,3
"2265","26_T","T","2b",1,2,3
"2266","26_T","T","5u",1,2,3
"2267","26_T","T","8b",1,2,3
"2268","26_T","T","1u",1,2,3
"2269","27_T","T","10b",2,1,3
"2270","27_T","T","3u",2,1,3
"2271","27_T","T","6b",2,1,3
"2272","27_T","T","4u",2,1,3
"2273","27_T","T","2u",2,1,3
"2274","27_T","T","9b",2,1,3
"2275","27_T","T","7b",2,1,3
"2276","27_T","T","6u",2,1,3
"2277","27_T","T","3b",2,1,3
"2278","27_T","T","1b",2,1,3
"2279","27_T","T","10u",2,1,3
"2280","27_T","T","5b",2,1,3
"2281","27_T","T","9u",2,1,3
"2282","27_T","T","7u",2,1,3
"2283","27_T","T","4b",2,1,3
"2284","27_T","T","8u",2,1,3
"2285","27_T","T","2b",2,1,3
"2286","27_T","T","5u",2,1,3
"2287","27_T","T","8b",2,1,3
"2288","27_T","T","1u",2,1,3
"2289","28_T","T","10b",1,2,3
"2290","28_T","T","3u",1,2,3
"2291","28_T","T","6b",1,2,3
"2292","28_T","T","4u",1,2,3
"2293","28_T","T","2u",1,2,3
"2294","28_T","T","9b",1,2,3
"2295","28_T","T","7b",1,2,3
"2296","28_T","T","6u",1,2,3
"2297","28_T","T","3b",1,2,3
"2298","28_T","T","1b",1,2,3
"2299","28_T","T","10u",1,2,3
"2300","28_T","T","5b",1,2,3
"2301","28_T","T","9u",1,2,3
"2302","28_T","T","7u",1,2,3
"2303","28_T","T","4b",1,2,3
"2304","28_T","T","8u",1,2,3
"2305","28_T","T","2b",1,2,3
"2306","28_T","T","5u",1,2,3
"2307","28_T","T","8b",1,2,3
"2308","28_T","T","1u",1,2,3
"2309","29_T","T","10b",2,1,3
"2310","29_T","T","3u",2,1,3
"2311","29_T","T","6b",1,2,3
"2312","29_T","T","4u",2,1,3
"2313","29_T","T","2u",2,1,3
"2314","29_T","T","9b",2,1,3
"2315","29_T","T","7b",2,1,3
"2316","29_T","T","6u",2,1,3
"2317","29_T","T","3b",2,1,3
"2318","29_T","T","1b",2,1,3
"2319","29_T","T","10u",3,1,2
"2320","29_T","T","5b",3,1,2
"2321","29_T","T","9u",2,1,3
"2322","29_T","T","7u",2,1,3
"2323","29_T","T","4b",3,1,2
"2324","29_T","T","8u",2,1,3
"2325","29_T","T","2b",2,1,3
"2326","29_T","T","5u",3,1,2
"2327","29_T","T","8b",3,1,2
"2328","29_T","T","1u",3,1,2
"2329","30_T","T","10b",2,1,3
"2330","30_T","T","3u",2,1,3
"2331","30_T","T","6b",2,1,3
"2332","30_T","T","4u",2,1,3
"2333","30_T","T","2u",2,1,3
"2334","30_T","T","9b",2,1,3
"2335","30_T","T","7b",2,1,3
"2336","30_T","T","6u",2,1,3
"2337","30_T","T","3b",2,1,3
"2338","30_T","T","1b",2,1,3
"2339","30_T","T","10u",2,1,3
"2340","30_T","T","5b",2,1,3
"2341","30_T","T","9u",2,1,3
"2342","30_T","T","7u",2,1,3
"2343","30_T","T","4b",2,1,3
"2344","30_T","T","8u",2,1,3
"2345","30_T","T","2b",2,1,3
"2346","30_T","T","5u",2,1,3
"2347","30_T","T","8b",2,1,3
"2348","30_T","T","1u",2,1,3
